id,question,gold_program,gold_answer,program_step1,program_step2
HIG/2004/page_140.pdf-3,Sự thay đổi trong thu nhập ròng từ hiệu ứng tích lũy của việc áp dụng là gì?,"add(30, 1)",31.0,,"divide(892, 18600)"
masvn/2020/2020145-VN_POW_Update_BUY_MAS_20201103VN/page_1_QA7,"Theo dự phóng, doanh thu và lợi nhuận ròng quý 4 năm 2020 chênh lệch bao nhiêu tỷ đồng?","subtract(9829, 642)",9187.0,,"divide(892, 18600)"
masvn/2020/2020193-VN_IndustrialRealEstate_Update_Overweight_MAS_20201215VN-N/page_11_QB9,IDC có bao nhiêu ha quỹ đất sẵn sàng cho thuê và dự kiến bổ sung thêm bao nhiêu ha trong năm 2021?,"add(495, 398)",893.0,,"divide(892, 18600)"
AMAT/2018/page_33.pdf-1,Tỷ suất lợi nhuận trên đầu tư (ROI) của Applied Materials là bao nhiêu nếu khoản đầu tư thực hiện vào tháng 10 năm 2013 được bán sau 2 năm?,"subtract(96.67, 100), divide(#0, 100)",-0.0333,,
GS/2013/page_220.pdf-4,tỷ lệ lợi nhuận tích lũy tổng cộng theo phần trăm của Goldman Sachs Group Inc. trong giai đoạn năm năm kết thúc ngày 31/12/2013 là bao nhiêu?,"subtract(248.36, 100), divide(#0, 100)",1.4836,,
CB/2008/page_229.pdf-1,Tỷ lệ tăng trưởng trong thu nhập ròng của các công ty con tại Bermuda từ năm 2007 đến 2008 là bao nhiêu?,"subtract(684, 1535), divide(#0, 1535)",-0.5544,,"divide(892, 18600)"
masvn/2020/2020058-DHC_Companynote_MAS27.05.2020/page_1_QA2,Tính tốc độ tăng trưởng doanh thu dự báo cho năm 2020 so với năm 2019.,"subtract(2147, 1430), divide(#0, 1430)",0.5014,,
masvn/2020/2020053-200427_VCB_1Q20_review_vn/page_1_QA1,"tốc độ tăng trưởng lợi nhuận sau thuế dự kiến cho năm 2020 so với năm 2019 là bao nhiêu phần trăm, dựa trên dữ liệu bảng?","subtract(19296, 18511), divide(#0, 18511)",0.04241,,"divide(892, 18600)"
FIS/2012/page_48.pdf-2,Tỷ lệ phần trăm thay đổi trong tác động của đồng euro từ năm 2011 đến năm 2012 là bao nhiêu?,"subtract(27.1, 26.4), divide(#0, 26.4)",0.02652,,"divide(892, 18600)"
masvn/2020/2020060-TLG_Companynote_MAS03.06.2020/page_1_QB7,lợi nhuận ròng dự báo năm 2020 giảm bao nhiêu phần trăm so với năm 2019?,"subtract(331, 349), divide(#0, 349)",-0.05158,,
AAL/2014/page_15.pdf-2,Tỷ lệ phần trăm của số lượng nhân viên toàn thời gian tương đương đang hoạt động là nhân viên phục vụ hành khách là bao nhiêu?,"divide(22500, 113300)",0.19859,,"divide(892, 18600)"
IPG/2017/page_92.pdf-3,Phần nào của tổng số khoản thanh toán mua lại có điều kiện sẽ đến hạn trong 12 tháng tới?,"divide(79.0, 268.4)",0.29434,,.....
masvn/2021/2021132-VNREE_Updatereport_Hold_MAS_10042021/page_10_QA1,Chênh lệch giữa giá trị hợp lý mỗi cổ phiếu của phương pháp DCF và phương pháp SoTP  là bao nhiêu?,"subtract(74300, 70647)",3653.0,,"divide(892, 18600)"
HST/2018/page_135.pdf-1,Sự thay đổi về triệu đô la của các lợi ích thuế chưa được công nhận giữa năm 2017 và 2018 là bao nhiêu?,"subtract(11, 11)",0.0,,"divide(892, 18600)"
CDW/2015/page_70.pdf-2,"Mức lỗ chuyển đổi ngoại tệ tối thiểu là bao nhiêu, tính bằng triệu?","table_max(chênh lệch tỷ giá hối đoái, none)",-6.3,,"divide(892, 18600)"
BKR/2017/page_56.pdf-2,Tiền mặt giữ thay mặt cho GE chiếm bao nhiêu phần trăm so với tiền mặt và các khoản tương đương tiền trong năm 2017?,"multiply(7, 1000), divide(997, #0)",0.14243,,"divide(892, 18600)"
masvn/2020/2020145-VN_POW_Update_BUY_MAS_20201103VN/page_1_QA5,Tính toán tỷ lệ tăng trưởng doanh thu dự phóng cho năm 2021 so với năm 2020.,"subtract(36613, 31624), divide(#0, 31624)",0.15776,,
UNP/2006/page_15.pdf-4,Tỷ lệ phần trăm của tổng số dặm tuyến là tuyến chính trong năm 2005 là bao nhiêu?,"divide(27301, 52667)",0.51837,,"divide(892, 18600)"
NCLH/2018/page_64.pdf-3,"Tỷ lệ phần trăm các cam kết tương lai cho hợp đồng chi tiêu vốn dịch vụ, bảo trì và nâng cao kinh doanh khác được thanh toán trong năm đầu tiên đến năm thứ ba là bao nhiêu?","divide(433161, 15973855)",0.02712,,"divide(892, 18600)"
masvn/2020/2020036-MAS_VN_PME_Initiate_Nov_14/page_1_QA6,tổng doanh thu dự kiến cho năm 2020F là bao nhiêu?,"divide(333, 0.159)",2094.33962,,"divide(892, 18600)"
masvn/2020/2020053-200427_VCB_1Q20_review_vn/page_1_QA8,ROE (%) thấp nhất được ghi nhận từ 2016 đến 2022 dự phóng là bao nhiêu?,"table_min(ROE (%), none)",0.117,,
MKTX/2012/page_42.pdf-3,Giá thấp nhất của cổ phiếu MKTX đã tăng bao nhiêu phần trăm từ năm 2011 đến tháng 3 năm 2012?,"subtract(29.26, 24.57), divide(#0, 24.57)",0.19088,,"subtract(34.00, 26.88), divide(#0, 26.88)"
UNP/2016/page_52.pdf-4,"Phạm vi toán học của doanh thu mảng hóa chất từ năm 2014 đến 2016 là bao nhiêu, tính bằng triệu?","subtract(3664, 3474)",190.0,,"divide(892, 18600)"
MAR/2018/page_43.pdf-1,"Trong tổng các nghĩa vụ hợp đồng và các thỏa thuận ngoài bảng cân đối kế toán, bao nhiêu phần trăm là do các hợp đồng thuê hoạt động mà chúng ta là bên chịu trách nhiệm chính?","divide(2073, 13208)",0.15695,,"divide(892, 18600)"
masvn/2020/2020007-RealEstatestocks_VaR_V_final/page_2_QA5,Tăng trưởng doanh thu của ngành Bất động sản cao hơn bao nhiêu điểm phần trăm so với mức tăng trưởng doanh thu trung bình của tất cả các công ty niêm yết trên sàn HSX ?,"subtract(52.04, 22.3)",29.74,,
masvn/2020/2020029-POW_FlashNote1H2019/page_1_QB4,Lợi nhuận sau thuế (LNST) giảm bao nhiêu tỷ VNĐ từ năm 2017 đến 2018?,"subtract(2233, 1921)",312.0,,"divide(892, 18600)"
DRE/2008/page_46.pdf-4,Tỷ lệ phần trăm cải thiện các khoản phải thu chưa lập hóa đơn trên các hợp đồng xây dựng từ năm 2007 đến năm 2008 là bao nhiêu?,"subtract(22.7, 33.1), divide(#0, 33.1)",-0.3142,,"divide(892, 18600)"
masvn/2020/2020169-VHMQ32020/page_1_QB9,"So sánh biên lợi nhuận gộp quý 3/2020 với quý 3/2019, biên lợi nhuận gộp giảm bao nhiêu phần trăm?","subtract(34, 62), divide(#0, 62)",-0.45161,,
masvn/2020/2020077-V1_VN_Galvanized-steel-Outlook/page_13_QB4,Tính giá cổ phiếu HSG theo phương pháp EV/EBITDA với EBITDA 2020 là bao nhiêu?,"multiply(2615079, 4.5)",11767855.5,,
masvn/2020/2020164-DIG_Q3Update_Tradingbuy_MAS_20201117-VN-N/page_1_QA5,chênh lệch giữa lntt dự phóng năm 2020 và lãi hoạt động dự phóng là bao nhiêu tỷ đồng?,"subtract(652, 655)",-3.0,,"divide(892, 18600)"
masvn/2020/2020163-VN_DHG_Update_BUY_MAS_20201117/page_1_QB9,Tính mức tăng doanh thu mảng hạ sốt – giảm đau từ năm 2020 đến 2021 theo dự phóng.,"subtract(987, 947)",40.0,,
masvn/2020/2020192-LTG_Companynote_MAS15.12.2020/page_1_QA4,"Dựa trên dự báo năm 2021, chi phí tài chính của năm 2020 là bao nhiêu tỷ đồng?","subtract(1, 0.10), divide(182, #0)",202.22222,,
masvn/2020/2020164-DIG_Q3Update_Tradingbuy_MAS_20201117-VN-N/page_1_QA6,"Với năm 2020, tỷ lệ thuế thu nhập doanh nghiệp dự kiến là bao nhiêu?","subtract(652, 522), divide(#0, 652)",0.19939,,"divide(892, 18600)"
masvn/2020/2020192-LTG_Companynote_MAS15.12.2020/page_1_QA6,Doanh thu mảng thuốc bảo vệ thực vật năm 2020 chiếm bao nhiêu phần trăm trong tổng doanh thu dự báo của năm 2020?,"divide(3640, 5977)",0.609,,"divide(892, 18600)"
AAL/2015/page_114.pdf-1,"Tính đến ngày 31 tháng 12 năm 2013, tỷ lệ phần trăm các khoản khiếu nại liên quan đến lao động trong tổng các khoản mục tái cơ cấu ròng là bao nhiêu?","divide(1733, 2655)",0.65273,,.....
AAPL/2006/page_100.pdf-4,Tỷ lệ thuế hiệu quả thấp nhất trong giai đoạn ba năm là bao nhiêu?,"table_min(thuế suất hiệu dụng, none)",0.27,,"divide(892, 18600)"
masvn/2020/2020040-PPC_Báocáol_n__u-05022020/page_7_QA3,tỷ suất sinh lợi trên tổng tài sản (roa) trung bình của ppc trong giai đoạn 2016-2019 là bao nhiêu?,"table_average(ROA, none)",0.11938,,
masvn/2020/2020036-MAS_VN_PME_Initiate_Nov_14/page_1_QB4,EPS của PME năm 2019F giảm bao nhiêu so với năm 2018?,"subtract(4073, 4104)",-31.0,,"divide(892, 18600)"
masvn/2020/2020058-DHC_Companynote_MAS27.05.2020/page_1_QA4,Chi phí lãi vay dự kiến cho năm 2020 chiếm bao nhiêu phần trăm trong lợi nhuận hoạt động kinh doanh (LNHĐKD) dự báo cho năm 2020?,"divide(35, 285)",0.12281,,"divide(892, 18600)"
masvn/2020/2020029-POW_FlashNote1H2019/page_1_QA7,Tổng tỷ trọng của phương pháp P/E và P/B trong định giá là bao nhiêu?,"add(0.20, 0.30)",0.5,,"divide(892, 18600)"
masvn/2020/2020056-HPG_Companynote_MAS22.05.2020/page_1_QB7,Dự phóng EPS (VND) của HPG trong năm 2020 tăng bao nhiêu phần trăm so với năm 2019?,"subtract(3627, 2726), divide(#0, 2726)",0.33052,,"divide(892, 18600)"
GS/2013/page_220.pdf-1,tỷ suất lợi nhuận tổng cộng trong năm năm của Goldman Sachs Group Inc. là bao nhiêu?,"subtract(248.36, 100)",148.36,,
masvn/2020/2020053-200427_VCB_1Q20_review_vn/page_1_QA5,tính tỷ lệ lợi nhuận trước dự phòng trên tổng thu nhập dự kiến cho năm 2021.,"add(43408, 17573), divide(39763, #0)",0.65206,,"divide(892, 18600)"
MAS/2012/page_26.pdf-3,tỷ lệ lợi tức tích lũy phần trăm của Masco trong giai đoạn năm năm kết thúc năm 2012 là bao nhiêu?,"subtract(92.49, 100), divide(#0, 100)",-0.0751,,"divide(892, 18600)"
masvn/2020/2020010-190314_MBB_2018review_VN/page_1_QA3,Tỷ lệ P/E thấp nhất được ghi nhận trong giai đoạn từ 2013 đến 2019F là bao nhiêu?,"table_min(P/E (x), none)",7.25,,"divide(892, 18600)"
masvn/2020/2020164-DIG_Q3Update_Tradingbuy_MAS_20201117-VN-N/page_1_QA7,Doanh thu quý 3 năm 2019 là bao nhiêu tỷ đồng ?,"add(100%, 62%), divide(966, #0)",596.2963,,"divide(892, 18600)"
SNA/2013/page_84.pdf-2,Sự khác biệt giữa tổng doanh số bán hàng và tổng số tiền thanh toán nhận được trong năm 2013 là bao nhiêu?,"subtract(546.5, 516.9)",29.6,,"divide(892, 18600)"
masvn/2020/2020056-HPG_Companynote_MAS22.05.2020/page_1_QB9,Tỷ lệ ROE (%) của HPG trong năm 2020 dự kiến giảm bao nhiêu so với năm 2019?,"subtract(14.6, 17.1)",-2.5,,
masvn/2021/2021132-VNREE_Updatereport_Hold_MAS_10042021/page_10_QA2,Giá trị lớn nhất trong các số liệu của phương pháp DCF (FCFF) là bao nhiêu?,"table_max(DCF (FCFF), none)",74300.0,,"multiply(18.6, 1000), divide(892, #0)"
masvn/2020/2020155-201005_BID_3Q20-review-vn/page_6_QA3,"Dựa trên thông tin rằng Thu nhập lãi thuần, tổng thu nhập hoạt động trong quý 3 năm 2020 là bao nhiêu?","divide(9151, 0.741)",12349.52767,,"divide(892, 18600)"
FBHS/2017/page_83.pdf-1,"tính đến ngày 31 tháng 12 năm 2017, giá trị của các phần thưởng cổ phiếu được cấp là bao nhiêu?","multiply(160196, 58.02)",9294571.92,,"divide(892, 18600)"
masvn/2020/2020040-PPC_Báocáol_n__u-05022020/page_7_QA6,tỷ suất lợi nhuận gộp biên cao nhất của ppc trong giai đoạn 2016-2019 là bao nhiêu?,"table_max(Tỷ suất lợi nhuận gộp biên, none)",0.1612,,"divide(892, 18600)"
masvn/2020/2020040-PPC_Báocáol_n__u-05022020/page_9_QA3,Tổng giá trị theo tỷ trọng của cả ba phương pháp định giá là bao nhiêu?,"add(19038.80, 9445.09), add(#0, 6286.89)",34770.78,,"divide(892, 18600)"
masvn/2020/2020193-VN_IndustrialRealEstate_Update_Overweight_MAS_20201215VN-N/page_10_QA4,Giá đóng cửa của cổ phiếu BCM ngày 11/12/2020 là bao nhiêu?,"add(1, 0.244), divide(50000, #0)",40192.92605,,
MRO/2004/page_46.pdf-3,"dựa trên giá trung bình tổng cộng trả cho mỗi cổ phiếu, tổng chi phí mua lại cổ phiếu trong quý 4 năm 2004 là bao nhiêu?","multiply(45686, 37.73)",1723732.78,,"divide(892, 18600)"
ANSS/2012/page_93.pdf-2,Tỷ lệ phần trăm thay đổi trong các khoản phí bản quyền được ghi nhận trong giá vốn hàng bán từ năm 2011 đến 2012 là bao nhiêu?,"subtract(9.3, 8.4), add(#0, 8.4)",9.3,,"divide(892, 18600)"
masvn/2020/2020193-VN_IndustrialRealEstate_Update_Overweight_MAS_20201215VN-N/page_10_QB4,"Tính trung bình biên lãi hoạt động (%) của BCM trong 3 năm 2018, 2019 và 2020 dự báo.","table_average(Biên lãi hoạt động (%), none)",27.06667,,"table_average(Biên lãi hoạt động (%), none)"
STT/2011/page_69.pdf-3,tỷ lệ phần trăm chi phí tái cấu trúc tổng hợp liên quan đến nhân viên trong năm 2010 là bao nhiêu?,"divide(105, 190)",0.55263,,"divide(892, 18600)"
masvn/2020/2020040-PPC_Báocáol_n__u-05022020/page_7_QB2,Tỷ suất sinh lợi trên doanh thu thuần của PPC năm 2018 là bao nhiêu?,"table_max(Tỷ suất sinh lợi trên doanh thu thuần, none)",0.1577,,
masvn/2020/2020169-VHMQ32020/page_1_QA1,Tỷ suất lợi nhuận ròng cho năm 2019 là bao nhiêu?,"divide(24206, 51627)",0.46886,,
masvn/2020/2020029-POW_FlashNote1H2019/page_1_QA4,Lợi nhuận sau thuế đã thay đổi bao nhiêu phần trăm từ năm 2016 đến năm 2017?,"subtract(2233, 1075), divide(#0, 1075)",1.07721,,
CMCSA/2015/page_112.pdf-1,Sự thay đổi về lợi ích thuế chưa được công nhận từ cuối năm 2013 đến cuối năm 2014 là bao nhiêu?,"subtract(1171, 1701)",-530.0,,"divide(892, 18600)"
masvn/2020/2020058-DHC_Companynote_MAS27.05.2020/page_1_QB6,"So sánh tỷ lệ ROE năm 2019 với năm 2018, tỷ lệ tăng bao nhiêu phần trăm?","subtract(18.5, 16.9), divide(#0, 16.9)",0.09467,,"divide(892, 18600)"
masvn/2020/2020193-VN_IndustrialRealEstate_Update_Overweight_MAS_20201215VN-N/page_10_QA8,Tổng doanh thu của BCM trong hai năm 2018 và 2019 là bao nhiêu (tỷ VND)?,"add(6571, 8213)",14784.0,,"table_sum(Doanh thu (VND tỷ), none)"
MS/2007/page_179.pdf-1,bao nhiêu phần trăm trong tài sản ròng thu được là giá trị thương hiệu?,"divide(247, 1676)",0.14737,,"divide(892, 18600)"
masvn/2020/2020036-MAS_VN_PME_Initiate_Nov_14/page_1_QB8,"So sánh ROE năm 2019F với năm 2018, sự thay đổi là bao nhiêu phần trăm?","subtract(17.2, 18.5), divide(#0, 18.5)",-0.07027,,"divide(892, 18600)"
GS/2014/page_165.pdf-1,Phần trăm của tổng các khoản phải trả khác và chi phí phải trả trong năm 2013 là do chi trả lương thưởng và phúc lợi là bao nhiêu?,"divide(7874, 16044)",0.49078,,"divide(892, 18600)"
masvn/2020/2020010-190314_MBB_2018review_VN/page_1_QA4,Tỷ lệ ROE cao nhất được ghi nhận trong giai đoạn từ 2013 đến 2019F là bao nhiêu?,"table_max(ROE (%), none)",22.97,,
BLK/2017/page_121.pdf-3,Tỷ lệ phần trăm thay đổi trong giá trị ghi sổ của cổ phần công ty tại Pennymac từ năm 2016 đến 2017 là bao nhiêu?,"subtract(342, 301), divide(#0, 301)",0.13621,,"divide(892, 18600)"
PPG/2012/page_29.pdf-2,Chi phí trung bình trên mỗi cổ phiếu cho các đợt mua lại cổ phiếu trong năm 2012 là bao nhiêu?,"divide(92, 1)",92.0,,"add(1, 0.15), divide(5310, #0)"
CME/2017/page_89.pdf-2,Tỷ lệ giảm của chi phí thuế hiệu quả giữa năm 2015 và 2016 là bao nhiêu?,"subtract(36.3%, 32.9%)",0.034,,"divide(892, 18600)"
masvn/2020/2020044-CTCP_a__utu_va_Pha_ttrie__nBa__t_o__ngsa_nAnGia-C/page_6_QA1,Tính giá trị doanh nghiệp bằng cách lấy tổng giá trị các dự án cộng với tiền mặt rồi trừ đi nợ vay.,"add(3286158, 278418), subtract(#0, 1070451)",2494125.0,,
masvn/2020/2020163-VN_DHG_Update_BUY_MAS_20201117/page_1_QB2,Tính tỷ lệ phần trăm thay đổi lợi nhuận sau thuế (LNST) từ năm 2019 đến 2020.,"subtract(774, 631), divide(#0, 631)",0.22662,,
masvn/2020/2020060-TLG_Companynote_MAS03.06.2020/page_1_QA8,Doanh thu từ chuyển nhượng bất động sản chiếm bao nhiêu phần trăm trong tổng doanh thu năm 2019?,"divide(95, 3252)",0.02921,,"multiply(18.6, 1000), divide(892, #0)"
GPN/2008/page_78.pdf-3,Phần nào trong tài sản ròng thu được liên quan đến giá trị thương hiệu (goodwill)?,"divide(13536, 16594)",0.81572,,
masvn/2020/2020193-VN_IndustrialRealEstate_Update_Overweight_MAS_20201215VN-N/page_10_QB2,Tính phần trăm thay đổi doanh thu từ năm 2019 đến 2020 dự báo.,"subtract(7162, 8213), divide(#0, 8213)",-0.12797,,.....
masvn/2020/2020164-DIG_Q3Update_Tradingbuy_MAS_20201117-VN-N/page_1_QB6,"So sánh ROE năm 2020 dự báo với năm 2019, mức thay đổi là bao nhiêu phần trăm?","subtract(9.54, 10.8), divide(#0, 10.8)",-0.11667,,
masvn/2020/2020040-PPC_Báocáol_n__u-05022020/page_7_QA8,"vào cuối năm 2019, nợ vay chiếm bao nhiêu phần trăm trong tổng lượng tiền mặt và các khoản tương đương tiền của ppc?","add(240, 1060), divide(126, #0)",0.09692,,"divide(892, 18600)"
masvn/2020/2020169-VHMQ32020/page_1_QB4,EPS (thu nhập trên mỗi cổ phiếu) dự kiến tăng bao nhiêu từ năm 2020 đến 2022?,"subtract(11133, 8421)",2712.0,,"divide(892, 18600)"
masvn/2020/2020036-MAS_VN_PME_Initiate_Nov_14/page_1_QB5,Tính trung bình lợi nhuận hoạt động kinh doanh (VNDbn) của PME trong giai đoạn 2015 đến 2019F.,"table_average(Lợi nhuận HĐKD (VNDbn), none)",314.8,,.....
MO/2014/page_39.pdf-4,Phần nào trong tổng số lô hàng sản phẩm không khói liên quan đến phân khúc Copenhagen trong năm 2014?,"divide(448.6, 793.3)",0.56549,,
masvn/2020/2020169-VHMQ32020/page_1_QA7,Doanh thu quý 3/2020 chiếm bao nhiêu phần trăm trong tổng doanh thu dự kiến cho năm 2020?,"divide(26483, 67373)",0.39308,,"divide(892, 18600)"
masvn/2021/2021185-CRE_Q3Update_Buy_MAS_20211216_VN-N/page_7_QA5,Chênh lệch giữa suất chiết khấu Re và WACC là bao nhiêu điểm phần trăm?,"subtract(16.63%, 14.23%)",0.024,,"divide(892, 18600)"
GPN/2010/page_87.pdf-3,"Trong năm 2010, tỷ lệ phần trăm lợi ích thuế thu nhập so với chi phí trả lương bằng cổ phiếu là bao nhiêu?","divide(6.3, 18.1)",0.34807,,"divide(892, 18600)"
masvn/2020/2020058-DHC_Companynote_MAS27.05.2020/page_1_QB3,EPS (thu nhập trên mỗi cổ phiếu) của DHC tăng bao nhiêu từ năm 2018 đến năm 2019?,"subtract(3383, 2512)",871.0,,"divide(892, 18600)"
ILMN/2003/page_58.pdf-1,tỷ lệ lợi tức tích lũy tổng cộng cho cổ phiếu phổ thông của illumina inc. trong bốn năm kết thúc năm 2003 là bao nhiêu?,"subtract(43.81, 100), divide(#0, 100)",-0.5619,,
masvn/2020/2020013-VN_18042019MWGShortNote_TV_Edit/page_2_QB2,Tăng trưởng doanh thu theo năm (YoY) từ quý 1 năm 2018 đến quý 1 năm 2019 là bao nhiêu phần trăm?,"subtract(25017, 22764), divide(#0, 22764)",0.09897,,
AMT/2007/page_29.pdf-4,phần nào của tài sản Woburn được sử dụng bởi American Tower Corporation?,"divide(57800, 163000)",0.3546,,"divide(892, 18600)"
CDW/2015/page_70.pdf-1,tổng số lỗ toàn diện khác tích lũy tính bằng triệu là bao nhiêu?,"table_sum(Lỗ toàn diện khác lũy kế, none)",-84.0,,"divide(892, 18600)"
masvn/2020/2020163-VN_DHG_Update_BUY_MAS_20201117/page_1_QB8,Tính mức giảm của ROE từ năm 2020 đến 2021.,"subtract(19.2, 20.4), divide(#0, 20.4)",-0.05882,,
masvn/2020/2020029-POW_FlashNote1H2019/page_1_QA3,Tốc độ tăng trưởng doanh thu từ năm 2017 đến năm 2018 là bao nhiêu phần trăm?,"subtract(32662, 29710), divide(#0, 29710)",0.09936,,
SLG/2011/page_91.pdf-2,Tỷ lệ phần trăm thay đổi trong chi phí trả lương liên quan đến kế hoạch vượt hiệu suất năm 2005 trong khoảng thời gian từ 2009 đến 2010 là bao nhiêu?,"subtract(1.6, 2.3), divide(#0, 2.3)",-0.30435,,"divide(892, 18600)"
GIS/2018/page_110.pdf-2,phần nào trong tổng các cam kết thuê không thể hủy bỏ trong tương lai đến hạn trong năm tài chính 2019?,"divide(137.4, 559.3)",0.24566,,"divide(892, 18600)"
masvn/2020/2020044-CTCP_a__utu_va_Pha_ttrie__nBa__t_o__ngsa_nAnGia-C/page_6_QB6,Tổng giá trị tiền mặt và các dự án là bao nhiêu triệu đồng?,"add(278418, 3286158)",3564576.0,,"multiply(18.6, 1000), divide(892, #0)"
ETR/2016/page_23.pdf-1,Tỷ lệ tăng trưởng doanh thu ròng năm 2015 của công ty Entergy là bao nhiêu?,"subtract(5829, 5735), divide(#0, 5735)",0.01639,,"divide(892, 18600)"
masvn/2020/2020007-RealEstatestocks_VaR_V_final/page_2_QA6,Tăng trưởng lợi nhuận của ngành Tài chính cao hơn bao nhiêu phần trăm so với mức tăng trưởng lợi nhuận trung bình của tất cả các ngành ?,"divide(48.78, 100), subtract(#0, 23.1%)",0.2568,,
masvn/2021/2021185-CRE_Q3Update_Buy_MAS_20211216_VN-N/page_7_QA6,Kết quả kèm tỷ trọng của phương pháp FCFE là bao nhiêu?,"multiply(56064, 0.5)",28032.0,,"divide(892, 18600)"
masvn/2020/2020169-VHMQ32020/page_1_QA6,"Dựa trên dự báo cả năm 2020 và lợi nhuận ròng 9 tháng đầu năm 2020 , lợi nhuận ròng của quý 4 năm 2020 là bao nhiêu?","subtract(28207, 16337)",11870.0,,"divide(892, 18600)"
masvn/2020/2020155-201005_BID_3Q20-review-vn/page_6_QB4,Tính mức tăng của lãi thuần từ hoạt động dịch vụ quý 3 năm 2020 so với quý 3 năm 2019.,"subtract(1368, 1050)",318.0,,
masvn/2020/2020010-190314_MBB_2018review_VN/page_1_QB7,Tính mức tăng trưởng dự kiến của thu nhập ngoài lãi từ năm 2018 đến 2019.,"subtract(6750, 4953), divide(#0, 4953)",0.36281,,
masvn/2020/2020044-CTCP_a__utu_va_Pha_ttrie__nBa__t_o__ngsa_nAnGia-C/page_6_QA4,Giá mục tiêu cho cổ phiếu AGG được đề cập trong văn bản  khác biệt như thế nào so với giá trị cổ phiếu được tính trong bảng ?,"subtract(33250, 33255)",-5.0,,"divide(892, 18600)"
MKTX/2004/page_99.pdf-4,"Trong năm 2001, công ty đã trao tổng cộng bao nhiêu cổ phiếu cho nhân viên?","add(64001, 289581)",353582.0,,"divide(892, 18600)"
masvn/2020/2020044-CTCP_a__utu_va_Pha_ttrie__nBa__t_o__ngsa_nAnGia-C/page_6_QA2,Dự án West Gate Park chiếm bao nhiêu phần trăm trong tổng giá trị các dự án?,"divide(362344, 3286158)",0.11026,,"divide(892, 18600)"
masvn/2020/2020169-VHMQ32020/page_1_QB8,Tính tổng doanh thu dự kiến của VHM trong năm 2020 và 2021 cộng lại.,"add(67373, 80848)",148221.0,,
masvn/2020/2020155-201005_BID_3Q20-review-vn/page_6_QA8,Lợi nhuận trước dự phòng cao nhất trong tất cả các quý được liệt kê là bao nhiêu?,"table_max(Lợi nhuận trước dự phòng, none)",8425.0,,"divide(892, 18600)"
masvn/2020/2020163-VN_DHG_Update_BUY_MAS_20201117/page_1_QA5,Mức tăng điểm phần trăm của biên lợi nhuận gộp trong 9 tháng đầu năm 2020 so với cùng kỳ năm 2019 là bao nhiêu?,"subtract(48.8%, 44%)",0.048,,
masvn/2020/2020029-POW_FlashNote1H2019/page_1_QB3,Biên lãi gộp trung bình trong giai đoạn 2015 đến 2019F là bao nhiêu phần trăm?,"table_average(Biên lãi gộp (%), none)",13.06,,"divide(892, 18600)"
RSG/2010/page_98.pdf-2,"Tính đến ngày 31 tháng 12 năm 2010, tỷ lệ tiền mặt bị hạn chế và chứng khoán thị trường bị hạn chế so với dự phòng các khoản phải thu khó đòi là bao nhiêu?","divide(172.8, 50.9)",3.39489,,
BLK/2014/page_120.pdf-1,Bao nhiêu phần trăm các cam kết đáo hạn sau năm 2019?,"divide(613, 1178)",0.52037,,"divide(892, 18600)"
JPM/2008/page_117.pdf-2,Tác động tổng cộng lên DVA của việc tăng 1 điểm cơ bản trong chênh lệch tín dụng của JPMorgan Chase trong năm 2008 và 2007 là bao nhiêu?,"add(32, 38), multiply(#0, 1000000)",70000000.0,,"divide(892, 18600)"
PKG/2005/page_74.pdf-4,"tổng các cam kết mua hàng trong hai năm tới là bao nhiêu (tính theo nghìn)?


","add(2408, 1364)",3772.0,,"divide(892, 18600)"
HOLX/2007/page_93.pdf-1,Tổng giá trị chứng khoán đã phát hành được phê duyệt bởi các cổ đông là bao nhiêu (tính bằng triệu)?,"multiply(2590898, 22.08), divide(#0, 1000000)",57.20703,,"divide(892, 18600)"
masvn/2020/2020013-VN_18042019MWGShortNote_TV_Edit/page_2_QA6,tính sự thay đổi tuyệt đối của lợi nhuận gộp từ quý 1 năm 2018 đến quý 1 năm 2019.,"subtract(4434, 3975)",459.0,,
DXC/2018/page_56.pdf-3,Chi phí dịch vụ chiếm bao nhiêu phần trăm (%) trong tổng chi phí năm 2018?,"divide(17944, 22885)",0.78409,,"divide(892, 18600)"
DISCA/2011/page_49.pdf-3,Cổ phiếu dòng K đã vượt trội hơn chỉ số S&P 500 bao nhiêu phần trăm trong 5 năm?,"subtract(235.63, 104.23), divide(#0, 104.23)",1.26067,,"divide(892, 18600)"
masvn/2020/2020145-VN_POW_Update_BUY_MAS_20201103VN/page_1_QA1,Lợi nhuận ròng năm tài chính 2021 (FY21F) được dự báo sẽ tăng bao nhiêu phần trăm so với năm tài chính 2020 (FY20F)?,"subtract(2371, 1945), divide(#0, 1945)",0.21902,,"divide(892, 18600)"
masvn/2020/2020163-VN_DHG_Update_BUY_MAS_20201117/page_1_QA3,Tỷ lệ thay đổi phần trăm của Lợi nhuận trên mỗi cổ phiếu (EPS) từ năm tài chính 2021 đến năm tài chính 2022 là bao nhiêu?,"subtract(5738, 5687), divide(#0, 5687)",0.00897,,"divide(892, 18600)"
masvn/2021/2021132-VNREE_Updatereport_Hold_MAS_10042021/page_10_QB5,Tính phần trăm chênh lệch giữa giá khuyến nghị và giá trị hợp lý theo phương pháp DCF (FCFF).,"subtract(72474, 74300), divide(#0, 74300)",-0.02458,,
masvn/2020/2020036-MAS_VN_PME_Initiate_Nov_14/page_1_QA1,doanh thu cao nhất (tỷ VNĐ) được ghi nhận trong giai đoạn từ 12/15 đến 12/19F là bao nhiêu?,"table_max(Doanh thu (VNDbn), none)",1781.0,,"divide(892, 18600)"
CME/2010/page_123.pdf-2,"Giả sử tất cả các quyền chọn trong các kế hoạch bồi thường được cổ đông phê duyệt đều được thực hiện, thì số tiền thu được được coi là bao nhiêu đối với công ty?","multiply(1211143, 308.10)",373153158.3,,"divide(892, 18600)"
masvn/2020/2020169-VHMQ32020/page_1_QB5,ROE (%) giảm bao nhiêu phần trăm từ năm 2017 đến 2021?,"subtract(28.8, 31.0), divide(#0, 31.0)",-0.07097,,"divide(892, 18600)"
masvn/2020/2020056-HPG_Companynote_MAS22.05.2020/page_1_QB3,Tỷ lệ LNHĐKD (%) của HPG trong năm 2020 dự kiến giảm so với năm 2019 là bao nhiêu phần trăm ?,"subtract(14.1, 15.3), divide(#0, 15.3)",-0.07843,,
masvn/2020/2020192-LTG_Companynote_MAS15.12.2020/page_1_QA5,"Dựa trên doanh thu dự báo và biên lợi nhuận gộp chung cho năm 2020, lợi nhuận gộp ước tính là bao nhiêu tỷ đồng?","multiply(5977, 0.236)",1410.572,,"divide(892, 18600)"
L/2009/page_84.pdf-3,tốc độ tăng trưởng của chỉ số s&p 500 từ ngày 31 tháng 12 năm 2004 đến năm 2007 là bao nhiêu?,"divide(128.16, 100)",1.2816,,"divide(892, 18600)"
PNC/2012/page_100.pdf-1,"đối với các yêu cầu bồi thường và mua lại chưa được giải quyết liên quan đến vốn chủ sở hữu nhà ở tính bằng triệu đô la, sự thay đổi giữa ngày 31 tháng 12 năm 2012 và ngày 31 tháng 12 năm 2011 là gì?","subtract(74, 110)",-36.0,,"divide(892, 18600)"
FIS/2016/page_31.pdf-2,"Sự khác biệt về tỷ lệ phần trăm lợi tức cổ đông tích lũy 5 năm trên cổ phiếu phổ thông của Fidelity National Information Services, Inc. so với chỉ số S&P 500 trong kỳ kết thúc ngày 16/12 là bao nhiêu?","subtract(198.18, 100), divide(#0, 100), subtract(311.81, 100), divide(#2, 100), subtract(#3, #1)",1.1363,,"divide(892, 18600)"
GS/2012/page_121.pdf-2,Tỷ lệ thay đổi phần trăm trong tổng các khoản nợ tài chính theo giá trị hợp lý trong năm 2012 là bao nhiêu?,"subtract(377677, 388669), divide(#0, 388669)",-0.02828,,"divide(892, 18600)"
RSG/2018/page_135.pdf-1,"Dựa trên mục tiêu ngày 31 tháng 12 năm 2018, tỷ lệ nợ trên vốn chủ sở hữu là bao nhiêu?","divide(82, 18)",4.55556,,"divide(892, 18600)"
masvn/2020/2020193-VN_IndustrialRealEstate_Update_Overweight_MAS_20201215VN-N/page_10_QA5,Quỹ đất tiềm năng của BCM trong năm 2021 lớn hơn bao nhiêu ha so với quỹ đất công nghiệp sẵn sàng cho thuê hiện tại?,"subtract(1575, 710)",865.0,,.....
JPM/2008/page_87.pdf-1,"Tính đến ngày 31 tháng 12 năm 2008, tỷ lệ phần trăm công suất mua lại được ủy quyền còn lại trong chương trình mua lại cổ phiếu hiện tại là bao nhiêu?","divide(6.2, 10)",0.62,,
masvn/2020/2020169-VHMQ32020/page_1_QB6,P/E mục tiêu năm 2020 sang 2021  giảm bao nhiêu lần?,"divide(13.3, 11.5)",1.15652,,"divide(892, 18600)"
SLB/2015/page_59.pdf-1,Phần trăm cổ phiếu theo chương trình mua lại cổ phiếu mới này tính đến ngày 31 tháng 12 năm 2015 là bao nhiêu?,"divide(8.6, 10)",0.86,,.....
masvn/2020/2020192-LTG_Companynote_MAS15.12.2020/page_1_QB6,P/E forward năm 2021 so với năm 2020 giảm bao nhiêu?,"subtract(6.1, 4.5)",1.6,,"divide(892, 18600)"
masvn/2020/2020155-201005_BID_3Q20-review-vn/page_6_QA4,hãy tính toán tốc độ tăng trưởng của lợi nhuận sau thuế trong quý 3 năm 2020 so với cùng kỳ năm trước.,"subtract(2108, 1814), divide(#0, 1814)",0.16207,,"divide(892, 18600)"
masvn/2020/2020060-TLG_Companynote_MAS03.06.2020/page_1_QA6,Mức thay đổi của Lợi nhuận từ hoạt động kinh doanh (LNHĐKD) từ năm 2018 đến năm 2019 là bao nhiêu?,"subtract(412, 361)",51.0,,
ETFC/2012/page_43.pdf-3,Tổn thất giảm giá ròng giảm từ năm 2011 đến 2012 là bao nhiêu phần trăm?,"subtract(-16.9, -14.9), divide(2, 14.9)",0.13423,,"divide(892, 18600)"
CMCSA/2008/page_36.pdf-1,Hạ tầng có thể mở rộng chiếm bao nhiêu phần trăm trong chi phí vốn phát sinh của phân khúc cáp trong năm 2007?,"divide(1014, 5993)",0.1692,,"divide(892, 18600)"
masvn/2020/2020053-200427_VCB_1Q20_review_vn/page_1_QB8,Tính mức tăng của giá trị sổ sách trên cổ phần từ năm 2019 đến dự báo năm 2022 (đồng).,"subtract(34619, 21785)",12834.0,,
C/2015/page_96.pdf-3,"Chênh lệch về dòng tiền ròng ra, tính bằng tỷ, từ ngày 31 tháng 12 năm 2014 đến ngày 31 tháng 12 năm 2015 là bao nhiêu?","subtract(336.5, 368.6)",-32.1,,"divide(892, 18600)"
IP/2006/page_31.pdf-1,Tỷ lệ phần trăm doanh số bán bao bì công nghiệp năm 2006 trên doanh số bán containerboard là bao nhiêu?,"divide(955, 4925)",0.19391,,"divide(892, 18600)"
ANSS/2012/page_93.pdf-4,"tổng số tiền phát sinh, tính bằng triệu, từ chi phí thuê văn phòng điều hành của công ty trong giai đoạn 2010-2012 là bao nhiêu?","multiply(1.3, 3)",3.9,,
masvn/2020/2020077-V1_VN_Galvanized-steel-Outlook/page_13_QA7,Giá trị cổ phiếu tính theo phương pháp P/B  cao hơn bao nhiêu so với giá trị tính theo phương pháp P/E ?,"subtract(16404, 11963)",4441.0,,
masvn/2020/2020007-RealEstatestocks_VaR_V_final/page_2_QA9,Tăng trưởng lợi nhuận của ngành Bất động sản cao hơn bao nhiêu so với tăng trưởng lợi nhuận của VN-Index?,"subtract(23.83, 23.13)",0.7,,
LMT/2012/page_73.pdf-4,Tỷ lệ thay đổi phần trăm trong số lượng cổ phiếu phổ thông bình quân gia quyền dùng cho tính toán cơ bản từ năm 2011 đến 2012 là bao nhiêu?,"subtract(323.7, 335.9), divide(#0, 335.9)",-0.03632,,"divide(892, 18600)"
masvn/2020/2020192-LTG_Companynote_MAS15.12.2020/page_1_QA1,Lãi ròng cao nhất trong giai đoạn từ năm 2016 đến năm 2021(F) là bao nhiêu (tỷ đồng)?,"table_max(Lãi ròng, none)",458.0,,"divide(892, 18600)"
masvn/2020/2020155-201005_BID_3Q20-review-vn/page_6_QB3,Tính tỷ lệ phần trăm tăng trưởng thu nhập lãi thuần quý 3 năm 2020 so với quý 3 năm 2019.,"subtract(9151, 8754), divide(#0, 8754)",0.04535,,"divide(892, 18600)"
masvn/2020/2020164-DIG_Q3Update_Tradingbuy_MAS_20201117-VN-N/page_1_QA2,tỷ lệ p/b trung bình từ năm 2015 đến năm 2020 là bao nhiêu?,"table_average(P/B (x), none)",1.13333,,"divide(892, 18600)"
masvn/2020/2020044-CTCP_a__utu_va_Pha_ttrie__nBa__t_o__ngsa_nAnGia-C/page_6_QA5,Tổng giá trị hiện tại thuần của ba dự án có giá trị cao nhất là bao nhiêu triệu đồng?,"add(894791, 869758), add(#0, 362344)",2126893.0,,"multiply(18.6, 1000), divide(892, #0)"
masvn/2020/2020164-DIG_Q3Update_Tradingbuy_MAS_20201117-VN-N/page_1_QA8,lợi nhuận sau thuế (lnst) cao nhất được ghi nhận trong giai đoạn từ 2015 đến 2020 là bao nhiêu tỷ đồng?,"table_max(LNST (VNDbn), none)",522.0,,
MRO/2003/page_45.pdf-2,Tổng doanh số bán các sản phẩm chưng cất tính bằng triệu đô la trong giai đoạn ba năm là bao nhiêu?,"table_sum(sản phẩm chưng cất, none)",1056.0,,
masvn/2020/2020058-DHC_Companynote_MAS27.05.2020/page_1_QA9,Tính tổng doanh thu của DHC từ năm 2015 đến 2018 (tỷ đồng).,"add(640, 668), add(#0, 810), add(#1, 927)",3045.0,,
APD/2016/page_40.pdf-1,Mức tăng trong biên lợi nhuận hoạt động quan sát được trong năm 2015 và 2016 là bao nhiêu?,"subtract(26.8%, 21.9%)",0.049,,"divide(892, 18600)"
masvn/2020/2020163-VN_DHG_Update_BUY_MAS_20201117/page_1_QA4,Tổng doanh thu dự kiến tính bằng tỷ đồng từ mảng hạ sốt – giảm đau và mảng kháng sinh trong năm tài chính 2021 là bao nhiêu?,"add(987, 1490)",2477.0,,"divide(892, 18600)"
DVN/2018/page_35.pdf-3,tỷ lệ phần trăm tăng chi phí tổng cộng từ năm 2017 đến 2018 là bao nhiêu?,"subtract(156, 15), divide(#0, 15)",9.4,,"divide(892, 18600)"
masvn/2020/2020060-TLG_Companynote_MAS03.06.2020/page_1_QB2,Lợi nhuận sau thuế năm 2019 tăng trưởng so với năm 2018 là bao nhiêu phần trăm?,"subtract(349, 294), divide(#0, 294)",0.18707,,.....
masvn/2020/2020060-TLG_Companynote_MAS03.06.2020/page_1_QA5,Tính tỷ lệ P/E trung bình trong giai đoạn 2015-2019.,"add(14.8, 18.3), add(#0, 20.9), add(#1, 16.1), add(#2, 9.8), divide(#3, 5)",15.98,,
masvn/2020/2020056-HPG_Companynote_MAS22.05.2020/page_1_QA4,Lợi nhuận hoạt động kinh doanh (LNHĐKD) cao nhất trong giai đoạn từ năm 2015 đến 2020(F) là bao nhiêu?,"table_max(LNHĐKD, none)",11191.0,,"divide(892, 18600)"
C/2008/page_44.pdf-2,tỷ lệ phần trăm thay đổi doanh thu không lãi suất từ năm 2007 đến 2008 là bao nhiêu?,"subtract(438, -291), divide(#0, 291)",2.50515,,"divide(892, 18600)"
masvn/2020/2020029-POW_FlashNote1H2019/page_1_QA2,Lợi nhuận sau thuế thấp nhất trong giai đoạn 2015-2019F là bao nhiêu (tỷ VND)?,"table_min(LNST (VNDbn), none)",1075.0,,"divide(892, 18600)"
TFX/2017/page_78.pdf-2,Phần nào trong tổng số chứng khoán được cổ đông phê duyệt vẫn còn sẵn có để phát hành trong tương lai?,"add(1708928, 3629455), divide(3629455, #0)",0.67988,,
masvn/2020/2020163-VN_DHG_Update_BUY_MAS_20201117/page_1_QB10,Tính tổng doanh thu dự kiến năm 2020 và 2021 của mảng kháng sinh theo dự phóng.,"add(1506, 1490)",2996.0,,
ZBH/2007/page_67.pdf-2,Tỷ lệ phần trăm thay đổi trong tổng chi phí tích hợp mua lại và các chi phí khác từ năm 2006 đến 2007 là bao nhiêu?,"subtract(25.2, 6.1), divide(#0, 6.1)",3.13115,,"divide(892, 18600)"
DVN/2015/page_79.pdf-2,"Tính theo năm, thời hạn hợp đồng trung bình cho các năm 2013, 2014, 2015 là bao nhiêu?","add(2.89, 2.89), add(#0, 3), divide(#1, 3)",2.92667,,
masvn/2020/2020193-VN_IndustrialRealEstate_Update_Overweight_MAS_20201215VN-N/page_11_QA1,Doanh thu từ lĩnh vực điện năng trong năm 2019 là bao nhiêu (tỷ VND)?,"multiply(4929, 0.631)",3110.199,,"divide(892, 18600)"
masvn/2021/2021185-CRE_Q3Update_Buy_MAS_20211216_VN-N/page_7_QB6,Tính giá mục tiêu trung bình dựa trên kết quả kèm tỷ trọng của FCFF và FCFE.,"add(27345, 28032), divide(#0, 2)",27688.5,,
AES/2002/page_128.pdf-2,Mức giảm chi phí thuê (triệu) cho các hợp đồng thuê hoạt động trong các hoạt động tiếp diễn từ năm 2003 đến năm 2003 là bao nhiêu?,"subtract(31, 30)",1.0,,
masvn/2020/2020040-PPC_Báocáol_n__u-05022020/page_7_QA7,tính tổng eps của ppc trong 4 năm từ 2016 đến 2019.,"table_sum(EPS, none)",11790.0,,"divide(892, 18600)"
masvn/2020/2020060-TLG_Companynote_MAS03.06.2020/page_1_QB4,EPS (thu nhập trên mỗi cổ phiếu) giảm bao nhiêu từ năm 2018 đến năm 2019?,"subtract(4864, 5327)",-463.0,,"divide(892, 18600)"
masvn/2020/2020163-VN_DHG_Update_BUY_MAS_20201117/page_1_QA2,Tỷ lệ P/E thấp nhất được ghi nhận trong giai đoạn từ năm tài chính 2018 đến 2022 là bao nhiêu?,"table_min(P/E (x), none)",14.3,,"divide(892, 18600)"
ETR/2016/page_150.pdf-2,"Liên quan đến trái phiếu chứng khoán hóa Texas, tổng số tiền phát hành (triệu) là bao nhiêu khi tính cả chi phí giao dịch và lợi ích thuế thu nhập hoãn lại liên quan?","add(353, 6), subtract(#0, 32)",327.0,,"divide(892, 18600)"
masvn/2020/2020060-TLG_Companynote_MAS03.06.2020/page_1_QB3,Tính tỷ lệ tăng trưởng doanh thu từ năm 2018 đến năm 2019 dựa trên bảng dữ liệu.,"subtract(3252, 2856), divide(#0, 2856)",0.13866,,.....
ILMN/2003/page_58.pdf-3,Sự khác biệt về phần trăm lợi tức tích lũy tổng cộng của cổ phiếu phổ thông Illumina Inc. so với chỉ số dược phẩm Nasdaq trong bốn năm kết thúc năm 2003 là bao nhiêu?,"subtract(43.81, 100), divide(#0, 100), subtract(74.57, 100), divide(#2, 100), subtract(#0, #2)",-30.76,,"divide(892, 18600)"
HWM/2018/page_96.pdf-1,"Xét theo giá thực hiện trung bình của các quyền chọn, giá trị ước tính tổng cộng của các quyền chọn cổ phiếu trong năm 2018 là bao nhiêu, tính bằng triệu đô la?","multiply(9, 26.79)",241.11,,"divide(892, 18600)"
masvn/2020/2020058-DHC_Companynote_MAS27.05.2020/page_1_QA6,lợi nhuận sau thuế năm 2019 so với trong bảng chênh lệch bao nhiêu (tỷ đồng)?,"subtract(182, 181)",1.0,,
FIS/2016/page_9.pdf-3,Phần trăm doanh thu hợp nhất tổng cộng trong năm 2016 thuộc phân khúc GFS là bao nhiêu?,"divide(4250, 9241)",0.45991,,"divide(892, 18600)"
masvn/2020/2020058-DHC_Companynote_MAS27.05.2020/page_1_QB8,"Tính doanh thu dự báo năm 2020 so với năm 2019, tăng bao nhiêu phần trăm?","subtract(2147, 1430), divide(#0, 1430)",0.5014,,
masvn/2020/2020193-VN_IndustrialRealEstate_Update_Overweight_MAS_20201215VN-N/page_11_QA2,"Tổng diện tích đất (ha) sẵn sàng cho thuê từ các khu công nghiệp Phú Mỹ II, Phú Mỹ mở rộng và Quế Võ II là bao nhiêu?","add(95, 264), add(#0, 136)",495.0,,.....
AMT/2008/page_94.pdf-1,"tính đến ngày 31 tháng 12 năm 2008, tỷ lệ phần trăm các khoản đáo hạn năm 2012 trong tổng giá trị ghi sổ của nợ dài hạn, bao gồm cả thuê tài chính, là bao nhiêu?","divide(1962822, 4333146)",0.45298,,"divide(892, 18600)"
masvn/2020/2020056-HPG_Companynote_MAS22.05.2020/page_1_QA8,Doanh thu dự kiến từ dự án DQSC chiếm bao nhiêu phần trăm trong tổng doanh thu dự phóng của năm 2020?,"divide(26400, 95362)",0.27684,,"divide(892, 18600)"
PKG/2013/page_88.pdf-1,"Tính đến ngày 31 tháng 12 năm 2013, tỷ lệ của các kế hoạch bồi thường cổ phần được phê duyệt bởi các cổ đông còn lại chưa phát hành so với số lượng sẽ phát hành khi thực hiện quyền của các cổ phiếu đang lưu hành là bao nhiêu?","divide(2140954, 151945)",14.09032,,
masvn/2020/2020053-200427_VCB_1Q20_review_vn/page_1_QB4,Tính tỷ lệ tăng trưởng lợi nhuận sau thuế từ năm 2019 đến dự báo năm 2020 (tỷ đồng).,"subtract(19296, 18511), divide(#0, 18511)",0.04241,,
L/2009/page_84.pdf-1,Tỷ lệ tăng trưởng của cổ phiếu phổ thông Loews từ ngày 31 tháng 12 năm 2004 đến năm 2009 là bao nhiêu?,"divide(160.62, 100)",1.6062,,"divide(892, 18600)"
GS/2013/page_149.pdf-3,"Tính bằng triệu đô la cho năm 2013 và 2012, mức nợ ròng tối đa từ các hợp đồng phái sinh theo thỏa thuận song phương là bao nhiêu?","table_max(nợ phái sinh ròng theo các thỏa thuận song phương, none)",27885.0,,
masvn/2020/2020056-HPG_Companynote_MAS22.05.2020/page_1_QA5,Tính tổng doanh thu từ năm 2015 đến 2019.,"add(27453, 33283), add(#0, 46162), add(#1, 55836), add(#2, 63658)",226392.0,,
IPG/2017/page_92.pdf-2,Tỷ lệ phần trăm giảm trong tổng các khoản thanh toán mua lại có điều kiện từ năm 2018 đến 2019 là bao nhiêu?,"subtract(53.9, 79.0), divide(#0, 79.0)",-0.31772,,"divide(892, 18600)"
masvn/2020/2020056-HPG_Companynote_MAS22.05.2020/page_1_QB6,Dự phóng sản lượng thép xây dựng trong năm 2020 tăng bao nhiêu phần trăm so với năm 2019?,"subtract(3.7, 2.8), divide(#0, 2.8)",0.32143,,"divide(892, 18600)"
UNP/2011/page_33.pdf-3,Sự thay đổi về triệu đô la của vốn chủ sở hữu bình quân từ năm 2010 đến 2011 là bao nhiêu?,"subtract(18171, 17282)",889.0,,"divide(892, 18600)"
masvn/2020/2020030-MAS_Pharmaceutical_Industry_2019_VN_Version/page_14_QB9,chi phí tăng thêm 15 tỷ đồng chiếm bao nhiêu phần trăm lợi nhuận trước thuế 1H19?,"divide(15, 345.6)",0.0434,,"divide(892, 18600)"
masvn/2020/2020010-190314_MBB_2018review_VN/page_1_QB10,Tỷ trọng cho vay phân khúc cá nhân trong tổng dư nợ đã tăng từ mức nào năm 2012 lên mức nào năm 2018?,"subtract(37.7, 12.3)",25.4,,
masvn/2020/2020056-HPG_Companynote_MAS22.05.2020/page_1_QA3,Tính doanh thu dự kiến từ HRC trong năm 2020 theo tỷ đồng?,"multiply(12, 1000000), multiply(750000, #0), divide(#1, 1000000000)",9000.0,,
masvn/2020/2020163-VN_DHG_Update_BUY_MAS_20201117/page_1_QA1,Lợi nhuận hoạt động kinh doanh (HĐKD) trung bình tính bằng tỷ đồng từ năm tài chính 2018 đến 2022 là bao nhiêu?,"table_average(Lợi nhuận HĐKD ( tỷ đồng), none)",755.8,,"divide(892, 18600)"
ABMD/2008/page_86.pdf-3,Tỷ lệ thay đổi phần trăm trong số dư lợi ích thuế chưa được công nhận từ 2007 đến 2008 là bao nhiêu?,"subtract(168, 224), divide(#0, 224)",-0.25,,"divide(892, 18600)"
GS/2018/page_78.pdf-1,"Tính bằng tỷ đô la cho các năm 2018, 2017 và 2016, khoản đầu tư thay thế thấp nhất là bao nhiêu?","table_min(đầu tư thay thế, none)",149.0,,
masvn/2020/2020029-POW_FlashNote1H2019/page_1_QB2,Tính tỷ lệ phần trăm thay đổi doanh thu từ năm 2016 đến 2017.,"subtract(29710, 28212), divide(#0, 28212)",0.0531,,
HII/2015/page_121.pdf-2,Biên lợi nhuận ròng trong quý 3 năm 2014 là bao nhiêu?,"divide(96, 1717)",0.05591,,"divide(892, 18600)"
masvn/2020/2020193-VN_IndustrialRealEstate_Update_Overweight_MAS_20201215VN-N/page_10_QA7,Chênh lệch giữa EPS dự báo năm 2020 và EPS năm 2018 là bao nhiêu (VND)?,"subtract(2512, 2045)",467.0,,"divide(892, 18600)"
UNP/2018/page_74.pdf-2,Tỷ lệ tăng trưởng dự kiến cho các khoản thanh toán thuê tài chính từ năm 2019 đến 2020 là bao nhiêu?,"subtract(155, 148), divide(#0, 148)",0.0473,,"divide(892, 18600)"
masvn/2020/2020053-200427_VCB_1Q20_review_vn/page_1_QB3,Tính tỷ lệ tăng trưởng thu nhập lãi thuần từ năm 2019 đến dự báo năm 2020 (tỷ đồng).,"subtract(38207, 34732), divide(#0, 34732)",0.10005,,
DISCA/2014/page_64.pdf-1,Tỷ lệ lợi tức cổ đông tích lũy trên cổ phiếu phổ thông của DISCA trong giai đoạn năm năm kết thúc ngày 31 tháng 12 năm 2014 là bao nhiêu phần trăm?,"subtract(224.65, 100), divide(#0, 100)",1.2465,,
MRO/2003/page_45.pdf-3,Tăng trưởng sản lượng xăng dầu của MAP trong 3 năm là bao nhiêu?,"subtract(776, 748), divide(#0, 748)",0.03743,,
masvn/2020/2020193-VN_IndustrialRealEstate_Update_Overweight_MAS_20201215VN-N/page_10_QA6,"Tính trung bình tỷ suất lợi nhuận trên vốn chủ sở hữu (ROE) của BCM trong giai đoạn 2018-2020, sử dụng số liệu dự báo cho năm 2020.","table_average(ROE (%), none)",17.36667,,
PNC/2015/page_93.pdf-1,"đối với các sản phẩm chỉ trả lãi, tỷ lệ phần trăm tổng số đến hạn vào năm 2020 và các năm sau là bao nhiêu?","divide(3321, 8124)",0.40879,,"divide(892, 18600)"
CB/2010/page_103.pdf-1,Tỷ lệ thay đổi phần trăm trong số dư đầu tư ngắn hạn năm 2010 là bao nhiêu?,"subtract(1983, 1667), divide(#0, 1667)",0.18956,,"divide(892, 18600)"
GS/2014/page_165.pdf-3,"Tính bằng triệu đô la cho các năm 2014 và 2013, sự thay đổi trong khoản phải trả về tiền lương và phúc lợi là bao nhiêu?","subtract(8368, 7874)",494.0,,
masvn/2020/2020060-TLG_Companynote_MAS03.06.2020/page_1_QA2,Lợi nhuận ròng thấp nhất từ năm 2015 đến năm 2020 (dự báo) là bao nhiêu?,"table_min(Lãi ròng, none)",188.0,,"divide(892, 18600)"
masvn/2020/2020155-201005_BID_3Q20-review-vn/page_6_QA7,Tỷ lệ thu nhập lãi cận biên (NIM) thấp nhất trong tất cả các quý được liệt kê là bao nhiêu?,"table_min(Tỷ lệ thu nhập lãi cận biên (NIM)*, none)",2.0,,"divide(892, 18600)"
SNA/2007/page_49.pdf-4,tỷ lệ phần trăm thay đổi trong cổ tức tiền mặt trả trên mỗi cổ phiếu phổ thông từ năm 2006 đến năm 2007 là bao nhiêu?,"add(1.11, 1.08), divide(#0, 1.08)",2.02778,,"divide(892, 18600)"
masvn/2020/2020193-VN_IndustrialRealEstate_Update_Overweight_MAS_20201215VN-N/page_10_QA2,Tổng nợ của BCM tính đến cuối quý 3/2020 (30 nghìn tỷ đồng) gấp bao nhiêu lần doanh thu dự báo cho năm 2020?,"divide(30000, 7162)",4.18877,,"divide(892, 18600)"
masvn/2020/2020164-DIG_Q3Update_Tradingbuy_MAS_20201117-VN-N/page_1_QA3,biên lợi nhuận sau thuế (lnst / doanh thu) năm 2019 là bao nhiêu?,"divide(391, 2115)",0.18487,,"divide(892, 18600)"
PNC/2012/page_100.pdf-2,"Đối với các yêu cầu bồi thường và mua lại chưa giải quyết liên quan đến vốn chủ sở hữu nhà ở, số dư trung bình vào ngày 31 tháng 12 năm 2012 và ngày 31 tháng 12 năm 2011 là bao nhiêu, tính bằng triệu?","add(74, 110), divide(#0, 2)",92.0,,"divide(892, 18600)"
masvn/2020/2020029-POW_FlashNote1H2019/page_1_QA5,"Dựa trên doanh thu và lãi gộp, biên lãi gộp của năm 2017 là bao nhiêu?","divide(4107, 29710)",0.13824,,"divide(892, 18600)"
masvn/2020/2020013-VN_18042019MWGShortNote_TV_Edit/page_2_QA1,tính tổng doanh thu của tgdđ và dmx trong quý 1 năm 2019.,"add(8756, 14510)",23266.0,,
PNC/2015/page_93.pdf-2,"Đối với các sản phẩm gốc và lãi, tỷ lệ phần trăm của tổng số đến hạn vào năm 2020 và sau đó là bao nhiêu?","divide(5758, 7975)",0.72201,,"divide(892, 18600)"
AAL/2013/page_172.pdf-4,phần nào trong tổng nghĩa vụ giải quyết phá sản liên quan đến nghĩa vụ vốn cổ phần một lần?,"divide(1246, 5424)",0.22972,,"divide(892, 18600)"
GIS/2017/page_31.pdf-3,Tổng các nghĩa vụ ngoài bảng cân đối kế toán là bao nhiêu (tính theo triệu)?,"add(505, 165)",670.0,,"add(12067.3, 3112.0), add(#0, 3437.5), add(#0, 1934.1), add(#0, 3583.7), add(#0, 1372.7)"
GPN/2013/page_87.pdf-4,Tổng số lượng các khoản trợ cấp bị mất quyền là bao nhiêu?,"add(79, 91)",170.0,,"divide(892, 18600)"
masvn/2020/2020164-DIG_Q3Update_Tradingbuy_MAS_20201117-VN-N/page_1_QB9,Tổng doanh thu 3 dự án trong quý 4/2020 dự kiến đóng góp bao nhiêu tỷ đồng vào doanh thu năm 2020?,"add(900, 1000), divide(#0, 2)",950.0,,"divide(892, 18600)"
IPG/2006/page_77.pdf-4,tỷ lệ tăng nợ dài hạn của các trái phiếu lãi suất thả nổi đáo hạn năm 2010 là bao nhiêu phần trăm?,"subtract(500.0, 240.9), divide(#0, 240.9)",1.07555,,"divide(892, 18600)"
masvn/2020/2020058-DHC_Companynote_MAS27.05.2020/page_1_QA7,Giá nguyên liệu OCC đã tăng từ 73 USD/tấn lên 107 USD/tấn. Mức tăng tuyệt đối là bao nhiêu USD/tấn?,"subtract(107, 73)",34.0,,"divide(892, 18600)"
masvn/2020/2020044-CTCP_a__utu_va_Pha_ttrie__nBa__t_o__ngsa_nAnGia-C/page_6_QB4,Giá trị cổ phiếu của công ty là bao nhiêu đồng?,"table_sum(Giá trị cổ phiếu (VND), none)",33255.0,,"divide(892, 18600)"
masvn/2020/2020030-MAS_Pharmaceutical_Industry_2019_VN_Version/page_14_QB7,Giá trị P/E cao nhất trong các năm từ 2015 đến 2019F là bao nhiêu?,"table_max(P/E (x), none)",26.15,,"divide(892, 18600)"
masvn/2020/2020036-MAS_VN_PME_Initiate_Nov_14/page_1_QA8,hãy tính biên LNST cho năm tài chính 2018?,"divide(309, 1675)",0.18448,,"divide(892, 18600)"
masvn/2020/2020193-VN_IndustrialRealEstate_Update_Overweight_MAS_20201215VN-N/page_11_QB5,Tính tỷ lệ phần trăm thay đổi của LNST từ năm 2019 đến năm 2020 dự báo.,"subtract(553, 345), divide(#0, 345)",0.6029,,"divide(892, 18600)"
masvn/2020/2020193-VN_IndustrialRealEstate_Update_Overweight_MAS_20201215VN-N/page_11_QB4,Tính biên lãi hoạt động trung bình trong giai đoạn 2016 đến 2020 dự báo.,"table_average(Biên lãi hoạt động (%), none)",11.42,,.....
DG/2009/page_77.pdf-1,Tỷ lệ khấu hao hàng năm cho các cải tiến đất đai là bao nhiêu?,"divide(100, 20)",5.0,,"divide(892, 18600)"
ETR/2008/page_442.pdf-1,tổng số đơn vị bị hạn chế dự kiến sẽ được chuyển giao trong những năm tới là bao nhiêu?,"add(8000, 8000), add(#0, 8000)",24000.0,,"divide(892, 18600)"
FIS/2016/page_9.pdf-1,Tỷ lệ tăng trưởng của phân khúc GFS trong năm 2016 là bao nhiêu?,"subtract(4250, 2360), divide(#0, 2360)",0.80085,,"divide(892, 18600)"
MRO/2004/page_125.pdf-2,Tỷ lệ giảm chi phí phát triển trong năm 2004 là bao nhiêu?,"subtract(711, 802), divide(#0, 802)",-0.11347,,"divide(892, 18600)"
ANSS/2016/page_47.pdf-1,"Tính đến ngày 31 tháng 12 năm 2016, tỷ lệ phần trăm các nghĩa vụ hợp đồng quan trọng của công ty đối với hợp đồng thuê vận hành trụ sở toàn cầu đáo hạn năm 2016 là bao nhiêu?","divide(40859, 138930)",0.2941,,
masvn/2020/2020193-VN_IndustrialRealEstate_Update_Overweight_MAS_20201215VN-N/page_11_QB7,ROE năm 2020 dự báo cao hơn năm 2019 bao nhiêu phần trăm?,"subtract(16, 10), divide(#0, 10)",0.6,,.....
masvn/2020/2020040-PPC_Báocáol_n__u-05022020/page_7_QA1,tổng lượng tiền mặt và các khoản tương đương tiền của ppc vào cuối năm 2019 là bao nhiêu tỷ đồng?,"add(240, 1060)",1300.0,,"divide(892, 18600)"
masvn/2020/2020040-PPC_Báocáol_n__u-05022020/page_9_QA1,Giá trị cổ phiếu PPC được tính toán dựa trên EPS 2019 và P/E bình quân ngành là bao nhiêu?,"multiply(3885, 9.8)",38073.0,,
masvn/2020/2020010-190314_MBB_2018review_VN/page_1_QA7,Tỷ lệ thu nhập ngoài lãi trên tổng thu nhập trong năm 2017 là bao nhiêu?,"add(11219, 2648), divide(2648, #0)",0.19096,,"divide(892, 18600)"
masvn/2020/2020007-RealEstatestocks_VaR_V_final/page_2_QA7,Tỷ lệ tăng trưởng lợi nhuận trên doanh thu của ngành Tiện ích là bao nhiêu?,"divide(27.47, 13.64)",2.01393,,"divide(892, 18600)"
ETR/2004/page_212.pdf-1,tỷ lệ tăng trưởng doanh thu ròng của Entergy Louisiana trong năm 2004 là bao nhiêu?,"subtract(931.3, 973.7), divide(#0, 973.7)",-0.04355,,"divide(892, 18600)"
masvn/2020/2020164-DIG_Q3Update_Tradingbuy_MAS_20201117-VN-N/page_1_QB2,Tính tỷ lệ tăng trưởng doanh thu từ năm 2019 đến năm 2020 dự báo là bao nhiêu phần trăm?,"subtract(2500, 2115), divide(#0, 2115)",0.18203,,
masvn/2020/2020169-VHMQ32020/page_1_QA4,Giá trị EPS (VND) cao nhất là bao nhiêu?,"table_max(EPS (VND), none)",11133.0,,"divide(892, 18600)"
AES/2001/page_33.pdf-4,giá cổ phiếu trung bình giữa cao và thấp trong quý đầu tiên của năm 2000 là bao nhiêu?,"add(44.72, 34.25), divide(#0, 2)",39.485,,"divide(892, 18600)"
AON/2018/page_87.pdf-2,"Mức giảm quan sát được trong các khoản bổ sung cho các vị trí thuế của các năm trước, tính bằng triệu, là bao nhiêu?","subtract(12, 10)",2.0,,"divide(892, 18600)"
INTC/2015/page_41.pdf-4,tỷ lệ phần trăm của tổng cơ sở vật chất tính theo diện tích vuông feet được cho thuê là bao nhiêu?,"divide(8.1, 56.0)",0.14464,,"divide(892, 18600)"
masvn/2020/2020029-POW_FlashNote1H2019/page_1_QA8,Tỷ suất sinh lời trên vốn chủ sở hữu (ROE) trung bình từ năm 2016 đến 2019F là bao nhiêu?,"table_average(ROE (%), none)",7.225,,
SNA/2018/page_31.pdf-2,Tổng giá trị cổ phiếu mua vào trong tháng 10 năm 2018 là bao nhiêu?,"multiply(90000, 149.28)",13435200.0,,"divide(892, 18600)"
masvn/2020/2020056-HPG_Companynote_MAS22.05.2020/page_1_QB8,Tính trung bình doanh thu của HPG từ năm 2015 đến năm 2019.,"table_average(Doanh thu, none)",53625.66667,,
LMT/2016/page_49.pdf-3,Doanh số bán hàng ròng trung bình của MFC trong khoảng thời gian từ 2014 đến 2016 là bao nhiêu triệu?,"table_average(doanh thu thuần, none)",6823.33333,,"divide(892, 18600)"
masvn/2020/2020053-200427_VCB_1Q20_review_vn/page_1_QA6,giá trị sổ sách trung bình trên mỗi cổ phiếu (đồng) trong suốt giai đoạn từ 2016 đến 2022 dự phóng là bao nhiêu?,"table_average(Giá trị sổ sách / cổ phần (đồng), none)",22381.57143,,"divide(892, 18600)"
CME/2010/page_69.pdf-1,Tỷ lệ tăng tiền mặt trong năm 2009 do bảo hiểm nợ so với việc giảm các công cụ nợ là bao nhiêu?,"divide(2.9, 900.1)",0.00322,,"divide(892, 18600)"
masvn/2020/2020077-V1_VN_Galvanized-steel-Outlook/page_13_QA5,"Giá trị cổ phiếu tính theo phương pháp P/B là bao nhiêu, dựa trên giá trị sổ sách và hệ số P/B?","multiply(14050, 1.2)",16860.0,,"divide(892, 18600)"
masvn/2020/2020010-190314_MBB_2018review_VN/page_1_QA2,Tổng thu nhập (bao gồm thu nhập lãi thuần và thu nhập ngoài lãi) trong năm 2018 là bao nhiêu tỷ đồng?,"add(14583, 4953)",19536.0,,"divide(892, 18600)"
ABMD/2012/page_41.pdf-4,Tỷ suất lợi nhuận đầu tư (ROI) của khoản đầu tư vào chỉ số Nasdaq Composite từ tháng 3 năm 2007 đến tháng 3 năm 2010 là bao nhiêu?,"subtract(99.02, 100), divide(#0, 100)",-0.0098,,
GS/2012/page_142.pdf-3,Tỷ lệ phần trăm thay đổi trong tài sản thế chấp được đưa ra giữa năm 2011 và 2012 là bao nhiêu?,"subtract(24296, 29002), divide(#0, 29002)",-0.16226,,"divide(892, 18600)"
SLB/2012/page_56.pdf-1,số cổ phiếu lưu hành năm 2012 tính theo triệu cổ phiếu sẽ là bao nhiêu nếu không có việc mua lại Smith International?,"subtract(1328, 176)",1152.0,,"divide(892, 18600)"
C/2018/page_175.pdf-4,Phần trăm doanh thu giao dịch chính liên quan đến rủi ro tỷ giá ngoại tệ trong năm 2017 là bao nhiêu?,"divide(2435, 9475)",0.25699,,
BLL/2012/page_31.pdf-2,lợi tức đầu tư (ROI) của khoản đầu tư vào dj us containers & packaging từ năm 2007 đến 2012 là bao nhiêu?,"subtract(107.76, 100), divide(#0, 100)",0.0776,,
ALLE/2015/page_24.pdf-1,"Xét năm 2015, tỷ lệ phần trăm dự phòng cho các vấn đề môi trường liên quan đến việc khắc phục các khu vực là bao nhiêu?","divide(2.8, 15.2)",0.18421,,"divide(892, 18600)"
masvn/2020/2020056-HPG_Companynote_MAS22.05.2020/page_1_QB2,Lãi ròng của HPG trong năm 2020 dự kiến tăng bao nhiêu phần trăm so với năm 2019?,"subtract(10015, 7528), divide(#0, 7528)",0.33037,,"divide(892, 18600)"
masvn/2020/2020163-VN_DHG_Update_BUY_MAS_20201117/page_1_QA7,Mảng hạ sốt – giảm đau đã đóng góp bao nhiêu phần trăm vào tổng doanh thu năm tài chính 2020?,"divide(947, 3786)",0.25013,,"divide(892, 18600)"
masvn/2020/2020145-VN_POW_Update_BUY_MAS_20201103VN/page_1_QA6,Tính toán biên lợi nhuận hoạt động cho năm tài chính 2022 (FY22F) dựa trên doanh thu và lợi nhuận hoạt động dự phóng.,"divide(3639, 39632)",0.09182,,
ECL/2016/page_52.pdf-3,Bao nhiêu phần của tổng nghĩa vụ hợp đồng sẽ đến hạn trong 12 tháng tới?,"divide(861, 9379)",0.0918,,
masvn/2020/2020056-HPG_Companynote_MAS22.05.2020/page_1_QA1,Lợi nhuận ròng dự kiến cho năm tài chính 2020(F) sẽ tăng bao nhiêu phần trăm so với năm tài chính 2019?,"subtract(10015, 7528), divide(#0, 7528)",0.33037,,"divide(892, 18600)"
masvn/2020/2020010-190314_MBB_2018review_VN/page_1_QB6,Chênh lệch tỷ lệ P/B dự kiến cho năm 2019 là bao nhiêu so với tỷ lệ P/B năm 2018?,"subtract(1.19, 1.46)",-0.27,,"divide(892, 18600)"
masvn/2020/2020193-VN_IndustrialRealEstate_Update_Overweight_MAS_20201215VN-N/page_11_QA6,Lãi hoạt động cao nhất trong giai đoạn từ 2016 đến 2020 (dự báo) là bao nhiêu (tỷ VND)?,"table_max(Lãi hoạt động (VND tỷ), none)",860.0,,"divide(892, 18600)"
STT/2006/page_95.pdf-3,tỷ lệ phần trăm tăng của nghĩa vụ lương hưu tối thiểu giữa năm 2004 và 2006 là bao nhiêu?,"subtract(186, 26), divide(#0, 26)",6.15385,,"divide(892, 18600)"
AWK/2017/page_148.pdf-2,tỷ lệ phần trăm tăng của khoản vay tối đa đang tồn tại từ năm 2016 đến 2017 là bao nhiêu?,"subtract(1135, 1016), divide(#0, 1016)",0.11713,,"divide(892, 18600)"
DRE/2008/page_46.pdf-2,Thu nhập ròng trên mỗi cổ phiếu phổ thông trong năm 2007 là bao nhiêu?,"divide(217692, 139255)",1.56326,,"divide(892, 18600)"
masvn/2020/2020044-CTCP_a__utu_va_Pha_ttrie__nBa__t_o__ngsa_nAnGia-C/page_6_QA7,Tỷ lệ giữa giá trị hiện tại thuần của dự án West Gate Park và doanh thu ước tính là bao nhiêu?,"divide(362344, 4000000)",0.09059,,"divide(892, 18600)"
ECL/2017/page_94.pdf-1,sự khác biệt giữa tỷ lệ thuế suất theo luật định của Hoa Kỳ và tỷ lệ thuế thu nhập hiệu quả trong năm 2017 là gì?,"subtract(35.0%, 13.7%)",0.213,,"divide(892, 18600)"
NKE/2009/page_43.pdf-2,Phần trăm của tổng số dư nợ là do các khoản vay phải trả đến hạn vào các ngày được thỏa thuận chung trong vòng một năm kể từ ngày phát hành hoặc theo yêu cầu là bao nhiêu?,"add(342.9, 78.5), divide(342.9, #0)",0.81372,,
masvn/2020/2020163-VN_DHG_Update_BUY_MAS_20201117/page_1_QA6,"Dựa vào doanh thu dự kiến của mảng kháng sinh trong năm tài chính 2020 và tổng doanh thu, doanh thu từ tất cả các mảng khác cộng lại là bao nhiêu tỷ đồng?","subtract(3786, 1506)",2280.0,,"divide(892, 18600)"
masvn/2020/2020077-V1_VN_Galvanized-steel-Outlook/page_13_QB8,Tính giá trị cổ phiếu HSG trung bình dựa trên giá theo từng phương pháp P/E và EV/EBITDA.,"multiply(11963, 0.7), multiply(27789, 0.3), add(#0, #1)",16710.8,,
masvn/2020/2020010-190314_MBB_2018review_VN/page_1_QB2,Tỷ lệ tăng trưởng thu nhập lãi thuần của MBB trong năm 2018 so với năm 2017 là bao nhiêu phần trăm?,"subtract(14583, 11219), divide(#0, 11219)",0.29985,,"divide(892, 18600)"
MRO/2004/page_125.pdf-1,Số dư kết thúc trung bình trong số dư dòng tiền chiết khấu là bao nhiêu?,"table_average(cuối năm, none)",5970.33333,,"divide(892, 18600)"
RSG/2012/page_93.pdf-1,Sự thay đổi trong dự phòng các khoản phải thu khó đòi năm 2012 là bao nhiêu?,"subtract(45.3, 48.1)",-2.8,,"divide(892, 18600)"
masvn/2020/2020053-200427_VCB_1Q20_review_vn/page_1_QA4,tốc độ tăng trưởng thu nhập lãi thuần cả năm từ 2018 đến 2019 là bao nhiêu phần trăm?,"subtract(34732, 28538), divide(#0, 28538)",0.21704,,"divide(892, 18600)"
AMT/2016/page_125.pdf-1,Thay đổi ròng trong số dư các lợi ích thuế chưa được công nhận trong năm 2016 là bao nhiêu?,"subtract(107551, 28114)",79437.0,,"divide(892, 18600)"
masvn/2020/2020053-200427_VCB_1Q20_review_vn/page_1_QA7,lợi nhuận trên mỗi cổ phần (đồng) đã tăng bao nhiêu từ cuối năm 2017 đến cuối năm 2019?,"subtract(4481, 1994)",2487.0,,
masvn/2020/2020007-RealEstatestocks_VaR_V_final/page_2_QB4,Tính mức chênh lệch phần trăm giữa tăng trưởng doanh thu và lợi nhuận của ngành bất động sản.,"subtract(52.04, 23.83)",28.21,,
masvn/2020/2020007-RealEstatestocks_VaR_V_final/page_2_QA4,Chênh lệch giữa tăng trưởng lợi nhuận và tăng trưởng doanh thu của ngành Công nghệ thông tin là bao nhiêu điểm phần trăm?,"subtract(37.70, -13.75)",51.45,,"divide(892, 18600)"
masvn/2020/2020010-190314_MBB_2018review_VN/page_1_QB9,Tính mức tăng trưởng EPS từ năm 2018 đến 2019.,"subtract(3.972, 2.829), divide(#0, 2.829)",0.40403,,
masvn/2020/2020030-MAS_Pharmaceutical_Industry_2019_VN_Version/page_14_QB5,EPS (thu nhập trên mỗi cổ phiếu) giảm bao nhiêu từ năm 2017 đến 2019F?,"subtract(4646, 4913)",-267.0,,"divide(892, 18600)"
masvn/2020/2020040-PPC_Báocáol_n__u-05022020/page_7_QA4,thu nhập trên mỗi cổ phiếu (eps) của ppc đã tăng bao nhiêu từ năm 2018 đến năm 2019?,"subtract(3885, 3501)",384.0,,"divide(892, 18600)"
masvn/2020/2020192-LTG_Companynote_MAS15.12.2020/page_1_QA8,Tính tổng doanh thu từ năm 2016 đến năm 2021(F) (tỷ đồng).,"table_sum(Doanh thu, none)",47014.0,,
masvn/2020/2020163-VN_DHG_Update_BUY_MAS_20201117/page_1_QA8,"Sử dụng tổng doanh thu cho năm tài chính 2021, biên lợi nhuận ròng ngụ ý là bao nhiêu?","divide(743, 3871)",0.19194,,"divide(892, 18600)"
PNC/2012/page_174.pdf-5,"Trong năm 2012, tỷ lệ phần trăm tổng số TDR liên quan đến các khoản vay thương mại là bao nhiêu?","divide(541, 2859)",0.18923,,"divide(892, 18600)"
masvn/2020/2020192-LTG_Companynote_MAS15.12.2020/page_1_QA9,Doanh thu thấp nhất trong giai đoạn từ năm 2016 đến năm 2021(F) là bao nhiêu (tỷ đồng)?,"table_min(Doanh thu, none)",5977.0,,"divide(892, 18600)"
masvn/2020/2020193-VN_IndustrialRealEstate_Update_Overweight_MAS_20201215VN-N/page_11_QA8,Chênh lệch giữa tỷ lệ P/B khuyến nghị  và P/B dự phóng cho năm 2020 là bao nhiêu?,"subtract(3.38, 2.7)",0.68,,"divide(892, 18600)"
masvn/2020/2020058-DHC_Companynote_MAS27.05.2020/page_1_QB9,"dự báo năm 2020, biên lợi nhuận giảm bao nhiêu phần trăm do biến động nguyên vật liệu?","subtract(21.2%, 19.2%)",0.02,,
SNA/2013/page_84.pdf-1,"năm 2013, tỷ lệ phần trăm của các khoản dự phòng nợ khó đòi là bao nhiêu?","divide(14.9, 546.5)",0.02726,,"divide(892, 18600)"
masvn/2020/2020193-VN_IndustrialRealEstate_Update_Overweight_MAS_20201215VN-N/page_11_QB2,Tính tỷ lệ phần trăm tăng trưởng doanh thu từ năm 2019 đến năm 2020 dự báo.,"subtract(5474, 4929), divide(#0, 4929)",0.11057,,"divide(892, 18600)"
masvn/2020/2020058-DHC_Companynote_MAS27.05.2020/page_1_QB5,Tính tỷ lệ lợi nhuận hoạt động kinh doanh (LNHĐKD) trung bình trong giai đoạn 2015 đến dự phóng 2020.,"table_average(Tỷ lệ LNHĐKD (%), none)",14.6,,
masvn/2020/2020007-RealEstatestocks_VaR_V_final/page_2_QA8,Tăng trưởng doanh thu trung bình của ngành Y tế và ngành Tiêu dùng thiết yếu là bao nhiêu?,"add(6.05, 6.46), divide(#0, 2)",6.255,,
ETR/2004/page_239.pdf-1,Mức giảm doanh thu bán buôn gộp tính theo phần trăm so với doanh thu ròng năm 2003 là bao nhiêu?,"divide(35.9, 426.6)",0.08415,,"divide(892, 18600)"
masvn/2020/2020036-MAS_VN_PME_Initiate_Nov_14/page_1_QA3,chênh lệch giữa lợi nhuận hoạt động kinh doanh cao nhất và thấp nhất (tỷ VNĐ) trong giai đoạn được hiển thị trong bảng là bao nhiêu?,"table_max(Lợi nhuận HĐKD (VNDbn), none), table_min(Lợi nhuận HĐKD (VNDbn), none), subtract(#0, #1)",132.0,,"divide(892, 18600)"
AAL/2016/page_8.pdf-2,Phần nào trong tổng số nhân viên toàn thời gian của các hoạt động chính là tiếp viên hàng không?,"divide(24700, 101500)",0.24335,,"divide(892, 18600)"
masvn/2020/2020164-DIG_Q3Update_Tradingbuy_MAS_20201117-VN-N/page_1_QA4,Tổng lntt kế hoạch cho năm 2020 là bao nhiêu tỷ đồng?,"divide(172, 26.4%)",651.51515,,"divide(892, 18600)"
masvn/2020/2020192-LTG_Companynote_MAS15.12.2020/page_1_QA7,Doanh thu dự kiến của mảng lương thực – gạo trong năm 2021 là bao nhiêu tỷ đồng?,"add(1, 0.409), multiply(1386, #0)",1952.874,,"divide(892, 18600)"
masvn/2020/2020193-VN_IndustrialRealEstate_Update_Overweight_MAS_20201215VN-N/page_10_QA1,Tốc độ tăng trưởng lợi nhuận sau thuế (LNST) dự báo cho năm 2020 so với năm 2019 là bao nhiêu phần trăm?,"subtract(2600, 2487), divide(#0, 2487)",0.04544,,"divide(892, 18600)"
masvn/2020/2020193-VN_IndustrialRealEstate_Update_Overweight_MAS_20201215VN-N/page_10_QB6,Tính phần trăm thay đổi ROE từ năm 2018 đến 2020 dự báo.,"subtract(18.9, 15.5), divide(#0, 15.5)",0.21935,,"table_average(ROE (%), none)"
masvn/2020/2020036-MAS_VN_PME_Initiate_Nov_14/page_1_QB6,Tỷ suất cổ tức của PME cao nhất từ năm 2015 đến năm 2019F là bao nhiêu?,"table_max(Tỷ suất cổ tức (%), none)",0.49,,"divide(892, 18600)"
masvn/2020/2020192-LTG_Companynote_MAS15.12.2020/page_1_QB4,Tỷ lệ biên lợi nhuận gộp chung năm 2020 dự báo so với năm 2019 là bao nhiêu phần trăm?,"divide(23.6, 20.5)",1.15122,,...
masvn/2020/2020155-201005_BID_3Q20-review-vn/page_6_QB8,Tính tổng dự phòng trong quý 3 năm 2020 và quý 4 năm 2020.,"add(5758, 3838)",9596.0,,
UNP/2018/page_74.pdf-3,Tỷ lệ phần trăm của tổng số khoản thanh toán thuê tài chính tối thiểu đến hạn trong năm 2021 là bao nhiêu?,"divide(159, 898)",0.17706,,"divide(892, 18600)"
ETR/2003/page_157.pdf-2,Phần nào trong tổng số nhân viên của Entergy được tuyển dụng tại các hoạt động của Entergy?,"divide(2902, 14773)",0.19644,,"divide(892, 18600)"
JPM/2015/page_137.pdf-4,"Trong năm 2007, tỷ lệ phần trăm của tổng số tiền ký quỹ ròng từ các công cụ phái sinh tín dụng là bao nhiêu?","divide(1423, 59677)",0.02385,,"divide(892, 18600)"
masvn/2020/2020060-TLG_Companynote_MAS03.06.2020/page_1_QA7,"Dựa trên dự báo cho năm 2020, tỷ suất lợi nhuận ròng (lãi ròng/doanh thu) là bao nhiêu?","divide(331, 3243)",0.10207,,"divide(892, 18600)"
masvn/2020/2020163-VN_DHG_Update_BUY_MAS_20201117/page_1_QB4,"So sánh EPS năm 2020 với năm 2019, EPS năm 2020 tăng hay giảm bao nhiêu phần trăm?","subtract(5924, 4830), divide(#0, 4830)",0.2265,,
masvn/2020/2020077-V1_VN_Galvanized-steel-Outlook/page_13_QA2,"Giá trị cổ phiếu tính theo phương pháp P/E là bao nhiêu, dựa trên EPS 2020 và hệ số P/E?","multiply(2175, 5.5)",11962.5,,"divide(892, 18600)"
masvn/2020/2020040-PPC_Báocáol_n__u-05022020/page_7_QA2,"vào cuối năm 2019, khoản phải trả người bán chiếm bao nhiêu phần trăm trong tổng nợ ngắn hạn của ppc?","divide(733, 1284)",0.57087,,"divide(892, 18600)"
masvn/2020/2020030-MAS_Pharmaceutical_Industry_2019_VN_Version/page_14_QA7,chi phí tăng thêm 15 tỷ đồng. Con số này chiếm bao nhiêu phần trăm trong Lợi nhuận hoạt động (OP) dự phóng cho năm 2019?,"divide(15, 766)",0.01958,,"divide(892, 18600)"
masvn/2020/2020060-TLG_Companynote_MAS03.06.2020/page_1_QB6,"So sánh P/E của năm 2019 và dự báo năm 2020, mức giảm là bao nhiêu?","subtract(9.8, 8.1)",1.7,,
FIS/2016/page_9.pdf-4,Phân khúc GFS chiếm bao nhiêu phần trăm trong tổng doanh thu hợp nhất năm 2015?,"divide(2360, 6596)",0.35779,,"divide(892, 18600)"
BLK/2015/page_124.pdf-2,"Giá trị chi phí thuê và một số chi phí thiết bị văn phòng theo các hợp đồng thuê, trong khoảng thời gian từ 2013 đến 2015 là bao nhiêu? Tính bằng triệu đô la.","add(136, 132), add(#0, 137)",405.0,,"table_max(Doanh thu (tỷ), none)"
masvn/2020/2020058-DHC_Companynote_MAS27.05.2020/page_1_QB2,Tính tỷ lệ tăng trưởng lợi nhuận sau thuế (Lãi ròng) từ năm 2018 đến năm 2019.,"subtract(182, 134), divide(#0, 134)",0.35821,,
masvn/2020/2020044-CTCP_a__utu_va_Pha_ttrie__nBa__t_o__ngsa_nAnGia-C/page_6_QB7,Giá trị ròng của công ty (tổng giá trị doanh nghiệp trừ nợ vay) là bao nhiêu triệu đồng?,"subtract(2494125, 1070451)",1423674.0,,"divide(892, 18600)"
PPG/2018/page_85.pdf-2,Tỷ lệ tăng phần trăm trong dự phòng môi trường crôm New Jersey năm 2018 là bao nhiêu?,"subtract(151, 136), divide(#0, 136)",0.11029,,"divide(892, 18600)"
JPM/2018/page_90.pdf-6,"Trong năm 2017, tỷ lệ phần trăm thu nhập lãi ròng của thị trường CIB so với tổng thu nhập lãi được quản lý là bao nhiêu?","divide(4630, 46780)",0.09897,,"divide(892, 18600)"
masvn/2020/2020040-PPC_Báocáol_n__u-05022020/page_7_QB3,Tỷ lệ tăng ROE của PPC từ năm 2016 đến năm 2019 là bao nhiêu phần trăm?,"subtract(21.81, 10.04), divide(#0, 10.04)",1.17231,,"divide(892, 18600)"
masvn/2020/2020164-DIG_Q3Update_Tradingbuy_MAS_20201117-VN-N/page_1_QB4,Tính mức tăng tuyệt đối của EPS từ năm 2019 đến năm 2020 dự báo là bao nhiêu đồng?,"subtract(1659, 1242)",417.0,,
UAA/2016/page_42.pdf-3,Tỷ lệ phần trăm thay đổi tồn kho từ năm 2015 đến 2016 là bao nhiêu?,"subtract(917491, 783031), divide(#0, 783031)",0.17172,,"divide(892, 18600)"
masvn/2020/2020056-HPG_Companynote_MAS22.05.2020/page_1_QB1,Doanh thu của HPG trong năm 2020 dự kiến tăng bao nhiêu phần trăm so với năm 2019?,"subtract(95362, 63658), divide(#0, 63658)",0.49804,,"divide(892, 18600)"
ADBE/2008/page_89.pdf-1,Thay đổi ròng trong tổng nợ phải trả cho các lợi ích thuế chưa được công nhận trong năm 2008 là bao nhiêu?,"subtract(139549, 201808)",-62259.0,,"divide(892, 18600)"
masvn/2020/2020060-TLG_Companynote_MAS03.06.2020/page_1_QA3,Tính tổng doanh thu từ năm 2015 đến năm 2019.,"add(1884, 2162), add(#0, 2497), add(#1, 2856), add(#2, 3252)",12651.0,,
masvn/2020/2020145-VN_POW_Update_BUY_MAS_20201103VN/page_1_QA8,Tỷ suất sinh lời trên vốn chủ sở hữu (ROE) thấp nhất trong giai đoạn được trình bày là bao nhiêu ?,"table_min(ROE (%), none)",0.065,,
SNA/2013/page_84.pdf-3,"Trong năm 2013, bao nhiêu phần trăm các khoản phải thu thương mại và các khoản phải thu khác được xem là các khoản phải thu nghi ngờ?","divide(14.9, 546.5)",0.02726,,"divide(892, 18600)"
masvn/2020/2020013-VN_18042019MWGShortNote_TV_Edit/page_2_QA3,"dựa trên kết quả quý 1 năm 2019, tổng doanh thu kế hoạch cho cả năm 2019 là bao nhiêu?","divide(25017, 23.1%)",108298.7013,,"divide(892, 18600)"
INTC/2015/page_41.pdf-2,Tỷ lệ phần trăm diện tích sở hữu (tính bằng triệu feet vuông) của các cơ sở tại Hoa Kỳ so với tổng diện tích các cơ sở sở hữu là bao nhiêu?,"divide(30.7, 47.9)",0.64092,,"divide(892, 18600)"
TFX/2015/page_89.pdf-3,tổng chi phí tái cấu trúc sẽ là bao nhiêu nếu không bao gồm các năm trước năm 2014?,"add(170, 7819)",7989.0,,"multiply(18.6, 1000), divide(892, #0)"
CME/2017/page_89.pdf-1,Sự biến động giữa tỷ lệ chi phí thuế hiệu quả và tỷ lệ thuế liên bang Hoa Kỳ theo luật định trong năm 2016 là gì?,"subtract(35%, 32.9%)",0.021,,"divide(892, 18600)"
AMT/2016/page_49.pdf-3,tỷ lệ tăng trưởng giá cổ phiếu từ giá trị cao nhất trong quý kết thúc ngày 31 tháng 12 năm 2016 đến giá đóng cửa ngày 17 tháng 2 năm 2017 là bao nhiêu?,"subtract(108.11, 118.09), divide(#0, 118.09)",-0.08451,,"divide(892, 18600)"
masvn/2020/2020192-LTG_Companynote_MAS15.12.2020/page_1_QB10,Tỷ lệ cổ tức trên thị giá năm 2021 dự báo thay đổi bao nhiêu phần trăm so với năm 2019?,"subtract(3.9, 7.6), divide(#0, 7.6)",-0.48684,,"divide(892, 18600)"
masvn/2020/2020164-DIG_Q3Update_Tradingbuy_MAS_20201117-VN-N/page_1_QA1,tỷ lệ thay đổi doanh thu từ năm 2018 đến năm 2019 là bao nhiêu?,"subtract(2115, 2345), divide(#0, 2345)",-0.09808,,"divide(892, 18600)"
masvn/2020/2020058-DHC_Companynote_MAS27.05.2020/page_1_QA5,Doanh thu quý 1/2020 chiếm bao nhiêu phần trăm trong tổng doanh thu dự báo cho cả năm 2020?,"divide(671, 2147)",0.31253,,"divide(892, 18600)"
masvn/2020/2020155-201005_BID_3Q20-review-vn/page_6_QB6,"So sánh tỷ lệ lợi nhuận trên tổng tài sản (ROA) quý 3 năm 2020 với quý 3 năm 2019, mức chênh lệch là bao nhiêu?","subtract(0.6, 0.5)",0.1,,
DISCA/2011/page_49.pdf-4,Cổ phiếu loại B có vượt trội hơn cổ phiếu loại A dựa trên tổng lợi nhuận 5 năm không?,"greater(217.56, 296.67)",no,,"divide(892, 18600)"
GIS/2017/page_31.pdf-1,"Trong năm 2017, tỷ lệ phần trăm của tổng các khoản thanh toán tiền mặt ước tính trong tương lai theo các nghĩa vụ hợp đồng hiện có liên quan đến nợ dài hạn đến hạn trong năm 2018 là bao nhiêu?","divide(604.2, 8290.6)",0.07288,,"divide(892, 18600)"
WRK/2018/page_107.pdf-2,"Tổng số dư năm 2018 là bao nhiêu, nếu công ty bao gồm cả các khoản lãi và phạt?","subtract(127.1, 70.4)",56.7,,"divide(892, 18600)"
LMT/2016/page_49.pdf-1,Tỷ lệ tăng trưởng doanh thu thuần từ năm 2015 đến năm 2016 là bao nhiêu?,"subtract(6608, 6770), divide(#0, 6770)",-0.02393,,"divide(892, 18600)"
UPS/2012/page_32.pdf-4,lợi tức đầu tư (ROI) của khoản đầu tư vào UPS từ năm 2008 đến 2009 là bao nhiêu?,"subtract(86.42, 80.20), divide(#0, 80.20)",0.07756,,
masvn/2020/2020058-DHC_Companynote_MAS27.05.2020/page_1_QB1,Doanh thu của DHC tăng bao nhiêu phần trăm từ năm 2018 đến năm 2019?,"subtract(1430, 927), divide(#0, 927)",0.54261,,"divide(892, 18600)"
masvn/2020/2020036-MAS_VN_PME_Initiate_Nov_14/page_1_QA2,phần trăm thay đổi của lợi nhuận sau thuế (LNST) từ năm 12/18 đến 12/19F là bao nhiêu?,"subtract(307, 309), divide(#0, 309)",-0.00647,,"divide(892, 18600)"
BLL/2006/page_67.pdf-2,Tài sản cố định chiếm bao nhiêu phần trăm trong tổng tài sản ròng đã mua cho các thương vụ mua lại Can và Alcan?,"divide(239.5, 802.6)",0.29841,,"divide(892, 18600)"
D/2002/page_87.pdf-1,"Các khoản thanh toán ước tính theo các cam kết về đường ống dẫn khí tự nhiên và công suất lưu trữ trong ba năm tới tổng cộng là bao nhiêu, tính bằng triệu?","add(34, 23), add(13, #0)",70.0,,"divide(892, 18600)"
MO/2014/page_62.pdf-2,Cổ phiếu bị hạn chế và cổ phiếu hoãn lại được cấp quyền trong năm 2014 chiếm bao nhiêu phần trăm lợi nhuận ròng thuộc về Altria Group Inc. trong năm 2014?,"divide(86, 5070)",0.01696,,"divide(892, 18600)"
APD/2016/page_40.pdf-2,"Xét các năm 2014-2016, thu nhập hoạt động trung bình là bao nhiêu?","table_average(thu nhập hoạt động, none)",822.06667,,"divide(892, 18600)"
masvn/2020/2020040-PPC_Báocáol_n__u-05022020/page_7_QA5,tỷ suất sinh lợi trên vốn chủ sở hữu (roe) đã thay đổi như thế nào từ năm 2017 đến năm 2018?,"subtract(20.18, 16.01)",4.17,,
masvn/2020/2020030-MAS_Pharmaceutical_Industry_2019_VN_Version/page_14_QB1,Doanh thu (Revenue) lớn nhất của công ty trong giai đoạn năm 2017 là bao nhiêu VNDbn?,"table_max(Revenue (VNDbn), none)",4063.0,,"multiply(18.6, 1000), divide(892, #0)"
masvn/2020/2020013-VN_18042019MWGShortNote_TV_Edit/page_2_QA7,Biên lợi nhuận ròng cho quý 1 năm 2019 là bao nhiêu phần trăm.,"divide(1041, 25017)",0.04161,,"divide(892, 18600)"
masvn/2020/2020013-VN_18042019MWGShortNote_TV_Edit/page_2_QA5,tính tổng số cửa hàng của công ty vào đầu năm 2019.,"subtract(2266, 79)",2187.0,,"divide(892, 18600)"
masvn/2020/2020013-VN_18042019MWGShortNote_TV_Edit/page_2_QB3,Lợi nhuận thuần từ hoạt động kinh doanh (LN thuần từ HĐKD) trong quý 1 năm 2019 tăng bao nhiêu phần trăm so với quý 1 năm 2018?,"subtract(1.331, 1.039), divide(#0, 1.039)",0.28104,,"divide(892, 18600)"
masvn/2020/2020053-200427_VCB_1Q20_review_vn/page_1_QA3,"chênh lệch giữa lợi nhuận sau thuế cao nhất và thấp nhất trong toàn bộ giai đoạn được ghi nhận trong bảng là bao nhiêu tỷ đồng?
","table_max(Lợi nhuận sau thuế (tỷ đồng), none), table_min(Lợi nhuận sau thuế (tỷ đồng), none), subtract(#0, #1)",23978.0,,"divide(892, 18600)"
masvn/2020/2020169-VHMQ32020/page_1_QA2,Tổng lợi nhuận hoạt động dự kiến từ năm 2020 đến 2022 là bao nhiêu tỷ đồng?,"add(36609, 41879), add(#0, 47268)",125756.0,,"divide(892, 18600)"
CME/2010/page_123.pdf-1,Tỷ lệ phần trăm của các kế hoạch bồi thường cổ phần không được cổ đông bảo đảm phê duyệt là bao nhiêu?,"divide(5978, 1217121)",0.00491,,"divide(892, 18600)"
masvn/2020/2020053-200427_VCB_1Q20_review_vn/page_1_QA2,tổng thu nhập dự kiến (bao gồm thu nhập lãi thuần và thu nhập ngoài lãi) cho năm 2022 là bao nhiêu tỷ đồng?,"add(54821, 22402)",77223.0,,"divide(892, 18600)"
masvn/2020/2020145-VN_POW_Update_BUY_MAS_20201103VN/page_1_QA4,Chênh lệch giữa tổng dự phòng trích lập trong năm 2020 và khoản dự phòng ghi nhận trong quý 4 năm 2020 là bao nhiêu tỷ đồng?,"subtract(457, 125)",332.0,,"divide(892, 18600)"
masvn/2020/2020192-LTG_Companynote_MAS15.12.2020/page_1_QB5,EPS (thu nhập trên mỗi cổ phiếu) dự báo năm 2021 tăng bao nhiêu so với năm 2020?,"subtract(5685, 4249)",1436.0,,...
masvn/2020/2020169-VHMQ32020/page_1_QA5,Tổng lợi nhuận ròng dự phóng cho năm 2020 và 2021 cộng lại là bao nhiêu tỷ đồng?,"add(28207, 32634)",60841.0,,"divide(892, 18600)"
masvn/2020/2020192-LTG_Companynote_MAS15.12.2020/page_1_QB7,Tính tỷ lệ ROE năm 2021 dự báo so với năm 2020 ?,"divide(16.4, 13.2)",1.24242,,
masvn/2020/2020058-DHC_Companynote_MAS27.05.2020/page_1_QA1,Lãi ròng cao nhất trong giai đoạn 2015-2020(F) là bao nhiêu (tỷ đồng)?,"table_max(Lãi ròng, none)",215.0,,
DRE/2005/page_30.pdf-2,Tổng lợi nhuận từ bán hàng năm 2004 trước khi điều chỉnh tổn thất giảm giá tính theo triệu đô la là bao nhiêu?,"add(424, 10202)",10626.0,,"divide(892, 18600)"
masvn/2020/2020060-TLG_Companynote_MAS03.06.2020/page_1_QA1,Doanh thu nội địa năm 2019 là bao nhiêu tỷ đồng?,"multiply(3252, 0.84)",2731.68,,"divide(892, 18600)"
DISCA/2011/page_49.pdf-2,tỷ lệ phần trăm tổng lợi tức cổ đông tích lũy trên DISCB từ ngày 18 tháng 9 năm 2008 đến ngày 31 tháng 12 năm 2011 là bao nhiêu?,"subtract(217.56, 100), divide(#0, 100)",1.1756,,"divide(892, 18600)"
JPM/2012/page_140.pdf-1,Tỷ lệ thay đổi phần trăm trong các cam kết liên quan đến cho vay từ năm 2011 đến 2012 là bao nhiêu?,"subtract(434814, 382739), divide(#0, 382739)",0.13606,,"divide(892, 18600)"
masvn/2020/2020010-190314_MBB_2018review_VN/page_1_QA6,"năm 2019, tỷ lệ P/B mục tiêu là bao nhiêu?","divide(28800, 18765)",1.53477,,
masvn/2021/2021185-CRE_Q3Update_Buy_MAS_20211216_VN-N/page_7_QA3,"Giá đóng cửa, giá đóng cửa của CRE vào ngày 16/12/2021 là bao nhiêu?","add(1, 0.396), divide(55300, #0)",39613.18052,,
masvn/2020/2020030-MAS_Pharmaceutical_Industry_2019_VN_Version/page_14_QB3,Lợi nhuận ròng (NP) năm 2016 so với năm 2015 giảm bao nhiêu VNDbn?,"subtract(685645, 588701)",96944.0,,"divide(892, 18600)"
masvn/2020/2020193-VN_IndustrialRealEstate_Update_Overweight_MAS_20201215VN-N/page_11_QA4,Tổng tỷ lệ sở hữu của Công ty cổ phần tập đoàn SSG và Công ty TNHH tập đoàn Bitexco tại IDC là bao nhiêu?,"add(22.5, 22.5)",45.0,,"divide(892, 18600)"
ANET/2015/page_156.pdf-2,Phần hiện tại của giá trị hiện tại các nghĩa vụ thuê là bao nhiêu?,"divide(1336, 42546)",0.0314,,
GPN/2010/page_87.pdf-2,tỷ lệ phần trăm thay đổi chi phí bồi thường dựa trên cổ phiếu sau thuế từ năm 2009 đến năm 2010 là bao nhiêu?,"subtract(18.1, 6.3), subtract(14.6, 5.2), subtract(#0, #1), divide(#2, #1)",0.25532,,"divide(892, 18600)"
ABC/2005/page_49.pdf-1,"Nếu không tính chi phí trợ cấp thôi việc cho nhân viên trong năm 2004 và 2005, lợi nhuận ròng sẽ tăng thêm bao nhiêu triệu?","add(13.3, 5.4)",18.7,,"divide(892, 18600)"
masvn/2020/2020169-VHMQ32020/page_1_QA8,"Cho P/E mục tiêu cho năm 2021 là 11.5 lần. Sử dụng EPS năm 2021, giá cổ phiếu mục tiêu ngụ ý là bao nhiêu VND?","multiply(11.5, 9743)",112044.5,,"divide(892, 18600)"
masvn/2020/2020010-190314_MBB_2018review_VN/page_1_QB1,Lợi nhuận ròng của MBB trong năm 2018 tăng trưởng so với năm trước là bao nhiêu phần trăm?,"subtract(6113, 3520), divide(#0, 3520)",0.73665,,"divide(892, 18600)"
masvn/2020/2020077-V1_VN_Galvanized-steel-Outlook/page_13_QA4,Giá trị cổ phiếu tính toán được chênh lệch bao nhiêu so với giá mục tiêu được đề cập trong văn bản?,"subtract(16711, 16700)",11.0,,
masvn/2020/2020077-V1_VN_Galvanized-steel-Outlook/page_13_QB9,"So sánh giá trị cổ phiếu HSG theo phương pháp EV/EBITDA với giá mục tiêu khuyến nghị, giá mục tiêu chênh lệch bao nhiêu?","subtract(16700, 27789)",-11089.0,,"divide(892, 18600)"
ZBH/2015/page_57.pdf-3,Sự thay đổi về tổng chi phí sau thuế cho khoản bồi thường dựa trên cổ phiếu từ năm 2013 đến 2014 là bao nhiêu triệu?,"subtract(33.9, 32.9)",1.0,,"divide(892, 18600)"
masvn/2021/2021132-VNREE_Updatereport_Hold_MAS_10042021/page_10_QA4,Giá trị có trọng số của phương pháp SoTP  chiếm bao nhiêu phần trăm trong tổng giá trị khuyến nghị ?,"divide(35324, 72474)",0.4874,,
AAL/2014/page_15.pdf-3,Tỷ lệ tổng số nhân viên của American so với nhân viên của US Airways là bao nhiêu?,"divide(61600, 32800)",1.87805,,"divide(892, 18600)"
GS/2012/page_189.pdf-4,Tỷ lệ phần trăm thay đổi tài sản có trọng số rủi ro tại GS Bank USA giữa năm 2011 và 2012 là bao nhiêu?,"subtract(109669, 112824), divide(#0, 112824)",-0.02796,,"divide(892, 18600)"
AWK/2012/page_117.pdf-3,Tổng thay đổi trong các lợi ích thuế chưa được công nhận tính bằng triệu đô la từ ngày 1 tháng 1 năm 2011 đến ngày 31 tháng 12 năm 2011 là bao nhiêu?,"subtract(158578, 118314)",40264.0,,"divide(892, 18600)"
masvn/2020/2020029-POW_FlashNote1H2019/page_1_QB9,"So sánh P/B của POW trong năm 2018 và 2019F, có sự thay đổi như thế nào?","subtract(1.5, 1.5)",0.0,,
ILMN/2008/page_82.pdf-2,Giá trị cổ phiếu đã được thực hiện trong năm 2011 là bao nhiêu?,"multiply(1125734, 10.91)",12281757.94,,"divide(892, 18600)"
masvn/2020/2020010-190314_MBB_2018review_VN/page_1_QB5,Tính mức tăng dự kiến của lợi nhuận sau thuế từ năm 2018 đến 2019.,"subtract(8581, 6113), divide(#0, 6113)",0.40373,,
ABMD/2007/page_78.pdf-1,độ biến động trung bình kỳ vọng được sử dụng trong công thức black scholes là bao nhiêu?,"table_average(biến động dự kiến, none)",0.74,,"divide(892, 18600)"
MSI/2012/page_87.pdf-1,Độ biến động trung bình dự kiến của giá trị hợp lý ước tính trung bình trọng số của quyền chọn cổ phiếu nhân viên từ năm 2010 đến 2012 là bao nhiêu?,"add(24.0, 28.8), add(41.7, #0), divide(#1, 3)",31.5,,"divide(892, 18600)"
AMT/2012/page_118.pdf-3,"Tài sản cố định chiếm bao nhiêu phần trăm trong giá mua của Brazil, theo xác định cuối cùng?","divide(83539, 1000), divide(#0, 585.3)",0.14273,,"divide(892, 18600)"
IP/2009/page_45.pdf-2,"Tỷ lệ phần trăm của các nghĩa vụ hợp đồng cho các khoản thanh toán tương lai theo các khoản nợ hiện có, hợp đồng thuê và nghĩa vụ mua hàng tính đến ngày 31 tháng 12 năm 2009, đến hạn vào năm 2012 là bao nhiêu phần trăm là các khoản đáo hạn nợ dài hạn?","divide(199, 946)",0.21036,,"divide(892, 18600)"
masvn/2020/2020036-MAS_VN_PME_Initiate_Nov_14/page_1_QA7,ROE (%) trung bình từ 12/15 đến 12/19F là bao nhiêu?,"table_average(ROE (%), none)",0.1666,,
masvn/2020/2020193-VN_IndustrialRealEstate_Update_Overweight_MAS_20201215VN-N/page_11_QA7,Tốc độ tăng trưởng dự kiến của Lợi nhuận sau thuế (LNST) từ năm 2019 đến năm 2020 là bao nhiêu phần trăm?,"subtract(553, 345), divide(#0, 345)",0.6029,,"divide(892, 18600)"
masvn/2020/2020029-POW_FlashNote1H2019/page_1_QA6,"Dựa trên giá mục tiêu 14.850 đ/cp và EPS dự phóng năm 2019, P/E dự phóng là bao nhiêu?","divide(14850, 818)",18.15403,,"divide(892, 18600)"
masvn/2020/2020040-PPC_Báocáol_n__u-05022020/page_9_QB7,"So sánh giá trị theo tỷ trọng của phương pháp P/E và P/B, 2 phương pháp chênh lệch bao nhiêu?","subtract(19038.80, 9445.09)",9593.71,,"divide(892, 18600)"
masvn/2020/2020192-LTG_Companynote_MAS15.12.2020/page_1_QB2,Tỷ lệ tăng trưởng doanh thu từ năm 2020 dự báo đến năm 2021 dự báo là bao nhiêu phần trăm?,"subtract(7205, 5977), divide(#0, 5977)",0.20545,,"divide(892, 18600)"
masvn/2020/2020169-VHMQ32020/page_1_QB2,Tính tỷ lệ tăng trưởng phần trăm của lợi nhuận ròng từ năm 2020 đến 2021.,"subtract(32634, 28207), divide(#0, 28207)",0.15695,,
masvn/2020/2020192-LTG_Companynote_MAS15.12.2020/page_1_QA2,Doanh thu thuần dự báo cho năm 2021(F) sẽ thay đổi bao nhiêu phần trăm so với năm 2019?,"subtract(7205, 8310), divide(#0, 8310)",-0.13297,,...
DISCA/2011/page_49.pdf-1,Tỷ lệ phần trăm tổng lợi tức cổ đông tích lũy trên DISCA từ ngày 18 tháng 9 năm 2008 đến ngày 31 tháng 12 năm 2011 là bao nhiêu?,"subtract(296.67, 100), divide(#0, 100)",1.9667,,"divide(892, 18600)"
masvn/2020/2020155-201005_BID_3Q20-review-vn/page_6_QB5,Tính tỷ lệ phần trăm tăng trưởng lợi nhuận trước thuế quý 3 năm 2020 so với quý 3 năm 2019.,"subtract(2703, 2319), divide(#0, 2319)",0.16559,,"divide(892, 18600)"
GS/2017/page_86.pdf-2,"Tính bằng triệu đô la cho quý tư năm 2017 và 2016, tổng vốn cấp 1 là bao nhiêu?","add(78227, 81808)",160035.0,,
masvn/2020/2020007-RealEstatestocks_VaR_V_final/page_2_QB8,Tính tổng lợi nhuận của các ngành Tiêu dùng không thiết yếu và Tiện ích ?,"add(2.49, 27.47)",29.96,,
masvn/2020/2020193-VN_IndustrialRealEstate_Update_Overweight_MAS_20201215VN-N/page_11_QA5,Doanh thu năm 2019 đã giảm bao nhiêu so với năm 2018?,"subtract(4929, 5119)",-190.0,,"divide(892, 18600)"
masvn/2020/2020145-VN_POW_Update_BUY_MAS_20201103VN/page_1_QB4,Tính phần trăm thay đổi lợi nhuận ròng từ năm 2020 đến 2021.,"subtract(2371, 1945), divide(#0, 1945)",0.21902,,
masvn/2020/2020164-DIG_Q3Update_Tradingbuy_MAS_20201117-VN-N/page_1_QB10,Tỷ lệ bồi thường giải phóng mặt bằng dự án Long Tân là bao nhiêu phần trăm so với tổng diện tích?,"divide(80, 322)",0.24845,,"divide(892, 18600)"
UNP/2010/page_21.pdf-2,"Trong quý kết thúc ngày 31 tháng 12 năm 2010, tỷ lệ phần trăm số cổ phiếu mà nhân viên đã cam kết với UPC để thanh toán giá thực hiện quyền chọn cổ phiếu là bao nhiêu?","divide(563220, 3063816)",0.18383,,"divide(892, 18600)"
MRO/2017/page_96.pdf-1,"Tỷ lệ xu hướng cuối cùng lớn nhất cho chi phí chăm sóc sức khỏe là bao nhiêu? 4,70% (4,70%) 4,50% (4,50%) 4,50% (4,50%)","table_max(tỷ lệ xu hướng cuối cùng, none)",0.047,,
masvn/2020/2020169-VHMQ32020/page_1_QA3,Tốc độ tăng trưởng doanh thu dự kiến từ năm 2021 đến năm 2022 là bao nhiêu phần trăm?,"subtract(92975, 80848), divide(#0, 80848)",0.15,,
masvn/2021/2021132-VNREE_Updatereport_Hold_MAS_10042021/page_10_QA3,Tính tổng giá trị khuyến nghị bằng cách cộng giá trị có trọng số của phương pháp DCF  và SoTP ,"add(37150, 35324)",72474.0,,
masvn/2020/2020036-MAS_VN_PME_Initiate_Nov_14/page_1_QB3,Tính sự thay đổi tuyệt đối của biên lợi nhuận hoạt động kinh doanh từ năm 2018 đến năm 2019F.,"subtract(23.4, 22.7)",0.7,,
masvn/2020/2020053-200427_VCB_1Q20_review_vn/page_1_QB9,Tỷ lệ P/E dự báo cho năm 2022 giảm bao nhiêu so với năm 2019?,"subtract(9.9, 13.8)",-3.9,,
masvn/2021/2021185-CRE_Q3Update_Buy_MAS_20211216_VN-N/page_7_QA2,Giá trị định giá theo phương pháp FCFE cao hơn bao nhiêu so với phương pháp FCFF?,"subtract(56064, 54690)",1374.0,,
masvn/2021/2021185-CRE_Q3Update_Buy_MAS_20211216_VN-N/page_7_QA4,Sự khác biệt giữa giá trị hợp lý và giá mục tiêu là bao nhiêu?,"subtract(55377, 55300)",77.0,,"divide(892, 18600)"
AAL/2013/page_172.pdf-3,Tỷ lệ phần trăm các khiếu nại liên quan đến lao động của người Mỹ trong tổng số các khiếu nại và các nghĩa vụ giải quyết phá sản khác tính đến tháng 12 năm 2013 là bao nhiêu?,"divide(849, 5424)",0.15653,,"divide(892, 18600)"
masvn/2020/2020169-VHMQ32020/page_1_QB3,Biên lợi nhuận hoạt động (%) giảm bao nhiêu điểm phần trăm từ năm 2019 đến 2021?,"subtract(57.4, 51.8)",5.6,,"divide(892, 18600)"
GS/2014/page_74.pdf-2,"Năm 2014, tỷ lệ phần trăm tài sản không được định giá bằng đô la Mỹ trong tổng tài sản có thể thanh khoản (GCLA) là bao nhiêu?","divide(45410, 179633)",0.25279,,"divide(892, 18600)"
ADI/2010/page_80.pdf-1,Tỷ lệ tăng trưởng số dư quỹ thị trường tiền tệ trong năm 2010 là bao nhiêu?,"subtract(1840, 1730), divide(#0, 1730)",0.06358,,"divide(892, 18600)"
masvn/2020/2020040-PPC_Báocáol_n__u-05022020/page_7_QB5,"So sánh ROA của PPC năm 2019 với năm 2017, mức tăng là bao nhiêu phần trăm?","subtract(17.80, 9.42), divide(#0, 9.42)",0.8896,,
masvn/2020/2020040-PPC_Báocáol_n__u-05022020/page_9_QA4,Giá trị định giá theo phương pháp P/E cao hơn bao nhiêu so với phương pháp P/B?,"subtract(38077.60, 31483.64)",6593.96,,"divide(892, 18600)"
APD/2018/page_121.pdf-2,Mức giảm quan sát được trong tổng giá trị hợp lý của cổ phiếu bị hạn chế đã được cấp trong năm 2017 và 2018 là bao nhiêu?,"subtract(2.2, 4.1), divide(#0, 4.1)",-0.46341,,"divide(892, 18600)"
FIS/2017/page_64.pdf-2,Tỷ lệ phần trăm của sự tăng hoặc giảm tổng thể mà đồng euro chiếm trong năm 2016 là bao nhiêu?,"divide(38, 129)",0.29457,,"divide(892, 18600)"
GS/2017/page_86.pdf-4,Sự thay đổi tính bằng triệu trong các khoản phơi bày ngoài bảng cân đối kế toán giữa năm 2016 và 2017 là bao nhiêu?,"subtract(408164, 391555)",16609.0,,"divide(892, 18600)"
IPG/2006/page_77.pdf-1,Tổng chi phí lãi vay phát sinh từ các trái phiếu không đảm bảo cấp cao đã được mua lại vào tháng 8 năm 2005 là bao nhiêu?,"subtract(258.6, 250.0), subtract(#0, 1.4)",7.2,,"divide(892, 18600)"
ALXN/2016/page_153.pdf-3,Tỷ lệ thay đổi phần trăm trong tổng các nghĩa vụ thuê cơ sở vật chất từ 2015 đến 2016 là bao nhiêu?,"subtract(136, 133), divide(#0, 133)",0.02256,,"divide(892, 18600)"
masvn/2020/2020053-200427_VCB_1Q20_review_vn/page_1_QB6,Tính mức tăng của lợi nhuận trước dự phòng từ năm 2019 đến dự báo năm 2022 (tỷ đồng).,"subtract(50461, 29870)",20591.0,,
AMT/2012/page_118.pdf-1,"Dựa trên phân bổ giá mua cuối cùng, tổng số nợ phải trả là bao nhiêu?","add(5536, 38519)",44055.0,,"divide(892, 18600)"
GS/2013/page_63.pdf-2,Sự thay đổi tổng tài sản từ năm 2012 đến 2013 là bao nhiêu triệu đô la?,"subtract(938555, 911507)",27048.0,,"divide(892, 18600)"
masvn/2021/2021185-CRE_Q3Update_Buy_MAS_20211216_VN-N/page_7_QA1,"Tổng giá trị hợp lý của cổ phiếu CRE, được tính bằng cách cộng các kết quả có trọng số của phương pháp FCFF và FCFE, là bao nhiêu?","add(27345, 28032)",55377.0,,"divide(892, 18600)"
masvn/2020/2020192-LTG_Companynote_MAS15.12.2020/page_1_QA3,Chênh lệch giữa EPS cao nhất và thấp nhất trong giai đoạn 2016-2021(F) là bao nhiêu (VND)?,"subtract(5685, 3495)",2190.0,,"divide(892, 18600)"
masvn/2020/2020058-DHC_Companynote_MAS27.05.2020/page_1_QA3,Tỷ suất lãi ròng năm 2019 là bao nhiêu?,"divide(182, 1430)",0.12727,,"divide(892, 18600)"
masvn/2020/2020030-MAS_Pharmaceutical_Industry_2019_VN_Version/page_14_QA1,Doanh thu dự phóng năm 2019F đã thay đổi bao nhiêu phần trăm so với năm 2018?,"subtract(3971, 3888), divide(#0, 3888)",0.02135,,"divide(892, 18600)"
masvn/2020/2020030-MAS_Pharmaceutical_Industry_2019_VN_Version/page_14_QB6,Tính tỷ lệ phần trăm thay đổi ROE từ năm 2017 đến 2019F.,"subtract(18.7, 23.3), divide(#0, 23.3)",-0.19742,,"divide(892, 18600)"
masvn/2020/2020044-CTCP_a__utu_va_Pha_ttrie__nBa__t_o__ngsa_nAnGia-C/page_6_QA6,Tỷ lệ nợ vay trên tổng giá trị doanh nghiệp là bao nhiêu?,"divide(1070451, 2494125)",0.42919,,"divide(892, 18600)"
masvn/2020/2020058-DHC_Companynote_MAS27.05.2020/page_1_QA8,EPS thấp nhất trong giai đoạn 2015-2020(F) là bao nhiêu (VND)?,"table_min(EPS (VND), none)",1516.0,,
DRE/2007/page_56.pdf-2,Thu nhập ròng trên mỗi cổ phiếu phổ thông trong năm 2007 là bao nhiêu?,"divide(217692, 139255)",1.56326,,"divide(892, 18600)"
masvn/2020/2020030-MAS_Pharmaceutical_Industry_2019_VN_Version/page_14_QB4,Tính trung bình biên lợi nhuận hoạt động (OP Margin %) trong giai đoạn 2015 đến 2019F.,"table_average(OP Margin (%), none)",0.1904,,
JKHY/2017/page_26.pdf-3,tổng lợi tức năm 2015 của nhóm đối thủ là bao nhiêu?,"subtract(203.87, 161.90)",41.97,,"divide(892, 18600)"
RCL/2016/page_6.pdf-2,Tỷ lệ tăng dự kiến về số giường tàu du lịch toàn cầu từ năm 2017 đến 2021 là bao nhiêu phần trăm?,"divide(173000, 503000)",0.34394,,"divide(892, 18600)"
masvn/2020/2020010-190314_MBB_2018review_VN/page_1_QA8,Chênh lệch giữa lợi nhuận trước thuế năm 2018 và lợi nhuận hoạt động (tính bằng tỷ đồng) là bao nhiêu?,"subtract(7800, 7767)",33.0,,"divide(892, 18600)"
MAR/2004/page_45.pdf-2,Sự chênh lệch giữa giá trị ghi sổ và giá trị hợp lý của nợ dài hạn và các khoản nợ dài hạn khác trong năm 2014 là bao nhiêu?,"subtract(875, 848)",27.0,,"divide(892, 18600)"
C/2009/page_243.pdf-1,Tỷ lệ tăng ròng trong chứng khoán bán theo các thỏa thuận mua lại so với các chuyển giao ròng là bao nhiêu?,"divide(5, 6.2)",0.80645,,"divide(892, 18600)"
JPM/2003/page_106.pdf-3,Giá trị trung bình của các phương tiện cho vay thương mại cấu trúc do VIES phát hành trong các năm 2002 và 2003 là bao nhiêu tỷ?,"table_average(Các công cụ cho vay thương mại có cấu trúc, none)",6.25,,"divide(892, 18600)"
MS/2013/page_132.pdf-2,"Bao nhiêu khoản vay và cam kết ""dựa trên sự kiện"" tính đến ngày 31 tháng 12 năm 2013 sẽ đáo hạn trong năm 2014, tính bằng tỷ đô la?","multiply(9.5, 0.33)",3.135,,"divide(892, 18600)"
MS/2013/page_139.pdf-2,"Tổng mức tiếp xúc với các công cụ phái sinh liên quan đến chính phủ, tính bằng triệu, là bao nhiêu?","add(1597, 816)",2413.0,,.....
FIS/2006/page_31.pdf-1,Phần nào trong tổng số địa điểm thuê nằm ở Texas?,"add(63, 81), divide(19, #0)",0.13194,,"divide(892, 18600)"
LMT/2016/page_49.pdf-4,lợi nhuận hoạt động trung bình của mfc tính bằng triệu trong khoảng thời gian từ năm 2014 đến 2016 là bao nhiêu?,"table_average(lợi nhuận hoạt động, none)",1214.66667,,
masvn/2020/2020030-MAS_Pharmaceutical_Industry_2019_VN_Version/page_14_QB2,Tính tỷ lệ phần trăm thay đổi doanh thu từ năm 2018 đến 2019F.,"subtract(3971, 3888), divide(#0, 3888)",0.02135,,"divide(892, 18600)"
masvn/2020/2020030-MAS_Pharmaceutical_Industry_2019_VN_Version/page_14_QA4,"mảng kháng sinh chiếm 40,4% doanh thu năm 2017. Dựa trên số liệu doanh thu từ bảng, doanh thu của mảng kháng sinh năm 2017 là bao nhiêu tỷ đồng?","multiply(4063, 0.404)",1641.452,,"multiply(18.6, 1000), divide(892, #0)"
RL/2008/page_23.pdf-1,tỷ lệ phần trăm các cửa hàng bán lẻ của nhà máy tính đến ngày 29 tháng 3 năm 2008 nằm ở châu Âu là bao nhiêu?,"divide(22, 158)",0.13924,,"divide(892, 18600)"
masvn/2020/2020056-HPG_Companynote_MAS22.05.2020/page_1_QA6,Chênh lệch giữa doanh thu và lợi nhuận ròng trong năm 2019 là bao nhiêu?,"subtract(63658, 7528)",56130.0,,"divide(892, 18600)"
AMT/2016/page_49.pdf-1,"Trong quý kết thúc ngày 31 tháng 3 năm 2015, tỷ lệ phần trăm thay đổi giá cổ phiếu từ mức cao nhất đến mức thấp nhất là bao nhiêu?","subtract(101.88, 93.21), divide(#0, 93.21)",0.09302,,"divide(892, 18600)"
masvn/2020/2020007-RealEstatestocks_VaR_V_final/page_2_QB7,mức tăng trưởng doanh thu của ngành bất động sản hơn mức tăng trưởng doanh thu trung bình của tất cả các công ty niêm yết trên sàn HSX bao nhiêu phần trăm ?,"subtract(52, 22.3)",29.7,,"divide(892, 18600)"
masvn/2020/2020036-MAS_VN_PME_Initiate_Nov_14/page_1_QA4,"dựa trên doanh thu 9 tháng đầu năm 2019 được đề cập trong văn bản và dự báo cả năm 2019 trong bảng, doanh thu dự kiến cho quý 4 năm 2019 là bao nhiêu (tỷ VNĐ)?","subtract(1781, 1328)",453.0,,"table_sum(Doanh thu (VNDbn), none), multiply(12/19F, 0.25)"
masvn/2020/2020155-201005_BID_3Q20-review-vn/page_6_QA5,Chênh lệch giữa lợi nhuận sau thuế cao nhất và thấp nhất trong năm 2019 là bao nhiêu?,"subtract(2872, 1713)",1159.0,,"divide(892, 18600)"
masvn/2020/2020030-MAS_Pharmaceutical_Industry_2019_VN_Version/page_14_QA3,Tỷ suất lợi nhuận hoạt động (OP Margin) thấp nhất trong giai đoạn 2015-2019F là bao nhiêu?,"table_min(OP Margin (%), none)",0.18,,
STT/2007/page_111.pdf-2,Tỷ lệ phần trăm thay đổi của số tiền tài sản thế chấp giữ cho chứng khoán được bảo đảm giữa năm 2006 và 2007 là bao nhiêu?,"subtract(572.93, 527.37), divide(#0, 527.37)",0.08639,,"divide(892, 18600)"
masvn/2020/2020060-TLG_Companynote_MAS03.06.2020/page_1_QA4,Doanh thu tài chính đã tăng bao nhiêu phần trăm từ năm 2018 đến năm 2019?,"subtract(29.9, 13.5), divide(#0, 13.5)",1.21481,,"divide(892, 18600)"
masvn/2020/2020036-MAS_VN_PME_Initiate_Nov_14/page_1_QB1,Doanh thu của PME tăng bao nhiêu phần trăm từ năm 2018 đến năm 2019F?,"subtract(1781, 1675), divide(#0, 1675)",0.06328,,"divide(892, 18600)"
VNO/2014/page_57.pdf-1,Chỉ số Vornado Realty Trust đã thay đổi như thế nào trong vòng năm năm?,"subtract(201, 100)",101.0,,
masvn/2020/2020145-VN_POW_Update_BUY_MAS_20201103VN/page_1_QA3,Lợi nhuận hoạt động cao nhất trong giai đoạn từ năm tài chính 2017 đến 2022 (FY22F) là bao nhiêu tỷ đồng?,"table_max(Lợi nhuận hoạt động (tỷ đồng), none)",4108.0,,"divide(892, 18600)"
masvn/2020/2020155-201005_BID_3Q20-review-vn/page_6_QB7,Tính mức giảm của tỷ lệ lợi nhuận trên vốn chủ sở hữu (ROE) quý 3 năm 2020 so với quý 3 năm 2019.,"subtract(10.6, 12.4), divide(#0, 12.4)",-0.14516,,
HWM/2018/page_96.pdf-2,"xét theo giá thực hiện trung bình của các quyền chọn, mức tăng giá trị tổng cộng của các quyền chọn cổ phiếu quan sát được trong năm 2016 và 2017 là bao nhiêu triệu đô la?","multiply(11, 33.32), multiply(13, 26.93), subtract(#0, #1)",16.43,,"divide(892, 18600)"
masvn/2020/2020036-MAS_VN_PME_Initiate_Nov_14/page_1_QB2,Lợi nhuận sau thuế (LNST) của PME giảm bao nhiêu phần trăm từ năm 2018 đến năm 2019F?,"subtract(307, 309), divide(#0, 309)",-0.00647,,"divide(892, 18600)"
masvn/2020/2020192-LTG_Companynote_MAS15.12.2020/page_1_QB3,Lãi ròng dự báo năm 2021 tăng bao nhiêu phần trăm so với năm 2020?,"subtract(458, 342), divide(#0, 342)",0.33918,,
AON/2007/page_188.pdf-2,phần nào trong các lợi ích thuế chưa được công nhận sẽ ảnh hưởng đến tỷ lệ thuế hiệu quả nếu được công nhận?,"divide(57, 70)",0.81429,,"divide(892, 18600)"
masvn/2020/2020163-VN_DHG_Update_BUY_MAS_20201117/page_1_QB5,Dự phóng doanh thu năm 2021 là bao nhiêu tỷ đồng và tăng bao nhiêu phần trăm so với năm 2020?,"subtract(3871, 3786), divide(#0, 3786)",0.02245,,"divide(892, 18600)"
masvn/2020/2020030-MAS_Pharmaceutical_Industry_2019_VN_Version/page_14_QA2,Lợi nhuận hoạt động (OP) trung bình trong giai đoạn 2015-2019F là bao nhiêu tỷ đồng?,"table_average(OP (VNDbn), none)",735.0,,"divide(892, 18600)"
MSI/2008/page_69.pdf-1,Tỷ lệ phần trăm chênh lệch doanh thu thuần hợp nhất từ năm 2006 đến 2008 là bao nhiêu?,"multiply(66%, 28383), multiply(40%, 12099), subtract(#0, #1), divide(#2, #1)",2.87073,,"divide(892, 18600)"
masvn/2020/2020036-MAS_VN_PME_Initiate_Nov_14/page_1_QA5,tăng trưởng doanh thu phần trăm dự kiến cho năm tài chính 2021 so với doanh thu dự báo cho năm tài chính 2019F là bao nhiêu?,"subtract(2355, 1781), divide(#0, 1781)",0.32229,,"divide(892, 18600)"
VRTX/2006/page_111.pdf-4,Tỷ lệ của tổng tài sản cố định ròng năm 2006 so với năm 2005 là bao nhiêu?,"divide(61535, 54533)",1.1284,,"divide(892, 18600)"
MRO/2011/page_108.pdf-2,Tổng chi phí phát triển tính bằng triệu trong giai đoạn ba năm là bao nhiêu?,"table_sum(chi phí phát triển phát sinh trong kỳ, none)",7231.0,,"divide(892, 18600)"
masvn/2020/2020193-VN_IndustrialRealEstate_Update_Overweight_MAS_20201215VN-N/page_11_QB6,EPS tăng bao nhiêu từ năm 2019 đến năm 2020 dự báo?,"subtract(1843, 1149)",694.0,,"divide(892, 18600)"
masvn/2020/2020060-TLG_Companynote_MAS03.06.2020/page_1_QB8,doanh thu tài chính năm 2019 tăng lên bao nhiêu tỷ đồng so với năm 2018?,"subtract(29.9 , 13.5 )",16.4,,
masvn/2020/2020058-DHC_Companynote_MAS27.05.2020/page_1_QB4,Tính tỷ lệ phần trăm giảm của hệ số P/E từ năm 2018 đến năm 2020 dự báo.,"subtract(9.5, 14.7), divide(#0, 14.7)",-0.35374,,"divide(892, 18600)"
RSG/2012/page_93.pdf-2,Tỷ lệ phần trăm thay đổi trong các khoản bổ sung tính vào chi phí từ năm 2011 đến 2012 trong phần dự phòng các khoản phải thu khó đòi là bao nhiêu?,"subtract(29.7, 21.0), divide(#0, 21.0)",0.41429,,"divide(892, 18600)"
masvn/2020/2020010-190314_MBB_2018review_VN/page_1_QA5,Có sự chênh lệch bao nhiêu điểm phần trăm giữa ROE dự báo cho năm 2019 và mục tiêu ROE?,"subtract(22.97, 22)",0.97,,"divide(892, 18600)"
GIS/2017/page_31.pdf-4,"Trong năm 2018, tỷ lệ các khoản thanh toán lợi ích dự kiến từ các kế hoạch phúc lợi sau khi nghỉ việc chưa được tài trợ so với khoản tiền lương hoãn lại là bao nhiêu?","divide(21, 14.6)",1.43836,,"divide(892, 18600)"
masvn/2020/2020193-VN_IndustrialRealEstate_Update_Overweight_MAS_20201215VN-N/page_10_QA3,Chênh lệch giữa P/E mục tiêu và P/E dự báo cho năm 2020 là bao nhiêu?,"subtract(25, 21.1)",3.9,,"divide(892, 18600)"
masvn/2020/2020163-VN_DHG_Update_BUY_MAS_20201117/page_1_QA9,Lợi nhuận sau thuế (LNST) cao nhất trong giai đoạn từ năm tài chính 2018 đến 2022 là bao nhiêu tỷ đồng?,"table_max(LNST ( tỷ đồng), none)",774.0,,"divide(892, 18600)"
masvn/2020/2020040-PPC_Báocáol_n__u-05022020/page_7_QB4,Tỷ lệ tăng EPS của PPC từ năm 2016 đến năm 2019 là bao nhiêu phần trăm?,"subtract(3885, 1724), divide(#0, 1724)",1.25348,,"divide(892, 18600)"
masvn/2020/2020030-MAS_Pharmaceutical_Industry_2019_VN_Version/page_14_QA6,tổng doanh thu dự kiến cho năm 2022F là bao nhiêu nếu mảng?,"divide(1784, 0.32)",5575.0,,"divide(892, 18600)"
masvn/2020/2020007-RealEstatestocks_VaR_V_final/page_2_QA1,Tổng số căn hộ dự kiến bán được ở thị trường TP. HCM và Hà Nội trong năm 2018 là bao nhiêu?,"add(40000, 28000)",68000.0,,"divide(892, 18600)"
JPM/2003/page_106.pdf-2,"Trong năm 2003, tỷ lệ giữa các phương tiện cho vay thương mại có cấu trúc và các phương tiện ghi chú liên kết tín dụng là bao nhiêu?","divide(5.3, 17.7)",0.29944,,"divide(892, 18600)"
masvn/2020/2020040-PPC_Báocáol_n__u-05022020/page_9_QA2,Giá trị cổ phiếu PPC được tính toán dựa trên giá trị sổ sách tại ngày 31/12/2019  và P/B bình quân ngành là bao nhiêu?,"multiply(18304, 1.72)",31482.88,,"divide(892, 18600)"
masvn/2020/2020013-VN_18042019MWGShortNote_TV_Edit/page_2_QA2,tính tỷ lệ phần trăm đóng góp của bhx vào tổng doanh thu trong quý 1 năm 2019.,"divide(1751, 25017)",0.06999,,"divide(892, 18600)"
ZBH/2009/page_58.pdf-2,Phần trăm của tổng các nghĩa vụ hợp đồng được tạo thành từ các khoản thanh toán lãi là bao nhiêu?,"divide(1095.6, 2719.3)",0.4029,,"divide(892, 18600)"
masvn/2020/2020013-VN_18042019MWGShortNote_TV_Edit/page_2_QA8,doanh thu của chuỗi tgdđ đã thay đổi như thế nào từ quý 1 năm 2018 đến quý 1 năm 2019?,"subtract(8756, 9554)",-798.0,,"divide(892, 18600)"
CMCSA/2015/page_67.pdf-3,Tỷ lệ phần trăm chi phí vốn phát sinh trong mảng truyền thông cáp cho thiết bị tại cơ sở khách hàng trong năm 2015 là bao nhiêu?,"divide(3698, 7034)",0.52573,,"divide(892, 18600)"
masvn/2020/2020013-VN_18042019MWGShortNote_TV_Edit/page_2_QB10,Tốc độ tăng trưởng doanh thu quý 1 năm 2019 so với quý 1 năm 2018 thấp hơn bao nhiêu phần trăm so với tốc độ tăng trưởng quý 1 năm 2018?,"subtract(46, 9.9)",36.1,,"divide(892, 18600)"
AWK/2013/page_122.pdf-2,"tính đến ngày 31 tháng 12 năm 2013, tỷ lệ lãi và phạt chiếm bao nhiêu phần trăm trong tổng lợi ích thuế chưa được ghi nhận?","add(242, 177947), divide(242, #0)",0.00136,,"divide(892, 18600)"
masvn/2020/2020193-VN_IndustrialRealEstate_Update_Overweight_MAS_20201215VN-N/page_11_QA3,Tỷ lệ P/E sẽ là bao nhiêu nếu giá cổ phiếu đạt mức giá hợp lý 40.000 đ/cp?,"divide(40000, 1843)",21.70374,,.....
masvn/2020/2020010-190314_MBB_2018review_VN/page_1_QA1,Lợi nhuận sau thuế năm 2018 đã tăng bao nhiêu phần trăm so với năm 2017?,"subtract(6113, 3520), divide(#0, 3520)",0.73665,,
masvn/2020/2020030-MAS_Pharmaceutical_Industry_2019_VN_Version/page_14_QA8,Tổng doanh thu từ năm 2015 đến năm 2018 là bao nhiêu tỷ đồng?,"add(3608, 3783), add(#0, 4063), add(#1, 3888)",15342.0,,"divide(892, 18600)"
HUM/2009/page_105.pdf-2,tỷ lệ phần trăm thay đổi của độ biến động dự kiến từ năm 2008 đến 2009 là bao nhiêu?,"subtract(39.2, 28.2), divide(#0, 28.2)",0.39007,,"divide(892, 18600)"
BLL/2006/page_67.pdf-4,bao nhiêu phần trăm tổng tài sản ròng thu được là tài sản cố định hữu hình?,"divide(239.5, 802.6)",0.29841,,"divide(892, 18600)"
ETR/2016/page_374.pdf-2,"Tốc độ tăng trưởng doanh thu ròng năm 2016 của Entergy Mississippi, Inc. là bao nhiêu?","subtract(705.4, 696.3), divide(#0, 696.3)",0.01307,,"divide(892, 18600)"
masvn/2020/2020030-MAS_Pharmaceutical_Industry_2019_VN_Version/page_14_QA5,dự báo doanh thu mảng TPCN năm 2019F chiếm bao nhiêu phần trăm trong tổng doanh thu dự phóng năm 2019F từ bảng?,"divide(341, 3971)",0.08587,,
masvn/2020/2020030-MAS_Pharmaceutical_Industry_2019_VN_Version/page_14_QB8,biên lợi nhuận hoạt động (OP Margin %) năm 2019F có tăng so với năm 2018 là bao nhiêu phần trăm?,"subtract(19.3, 18.2), divide(#0, 18.2)",0.06044,,"divide(892, 18600)"
masvn/2020/2020193-VN_IndustrialRealEstate_Update_Overweight_MAS_20201215VN-N/page_11_QB10,Tính tổng lợi nhuận gộp đóng góp từ 3 lĩnh vực chính theo phần trăm doanh thu năm 2019.,"add(15.1, 63.1), add(#0, 14.6)",92.8,,.....
IPG/2008/page_72.pdf-1,Tỷ lệ phần trăm lợi ích thuế chưa được công nhận trong năm 2008 đến từ các lợi ích thuế có thể ảnh hưởng đến tỷ lệ thuế hiệu quả nếu được công nhận là bao nhiêu?,"divide(131.8, 148.8)",0.88575,,"divide(892, 18600)"
masvn/2020/2020145-VN_POW_Update_BUY_MAS_20201103VN/page_1_QA2,Doanh thu trung bình từ năm tài chính 2017 đến 2019 là bao nhiêu tỷ đồng?,"add(29710, 32662), add(#0, 35374), divide(#1, 3)",32582.0,,"multiply(18.6, 1000), divide(892, #0)"
masvn/2020/2020145-VN_POW_Update_BUY_MAS_20201103VN/page_1_QB6,Tính phần trăm thay đổi EPS từ năm 2020 đến 2021.,"subtract(962, 788), divide(#0, 788)",0.22081,,
MRO/2013/page_19.pdf-4,Tỷ lệ phần trăm diện tích đất chưa phát triển ròng hết hạn nằm ở Hoa Kỳ trong năm 2014 là bao nhiêu?,"divide(145, 586)",0.24744,,"divide(892, 18600)"
masvn/2020/2020013-VN_18042019MWGShortNote_TV_Edit/page_2_QA4,"dựa trên kết quả quý 1 năm 2019, lợi nhuận sau thuế (lnst) kế hoạch cho cả năm 2019 là bao nhiêu?","divide(1041, 0.292)",3565.06849,,"divide(892, 18600)"
